video_id,title,description,published_at,channel_id,channel_title,category_id,tags,duration,definition,caption,view_count,like_count,dislike_count,favorite_count,comment_count
Kg9FZJ9XxBQ,NZ Vs PAK 3rd T20I | Cricket Highlights | Pakistan Tour Of New Zealand | 21st March 2025,"In the 3rd T20i, Pakistan won the toss and decided to bowl first and invited New Zealand to bat at the Eden Park. New Zealand scored 204 runs in their 20 overs. Pakistan chased the total in 16 overs and won the match by 9 wickets. 

#crickethighlights #highlights #nzvspak#sports #cricket #live #CricketOnSony #newzealandvspakistan #3rdt20  
.
.
For all updates from the world of sport, be social with us at:
Facebook: https://www.facebook.com/SonySportsNetwork               
Twitter: https://twitter.com/SonySportsNetwk
Instagram: https://www.instagram.com/sonysportsnetwork/",2025-03-21T10:27:08Z,UC_WKb6N9iTGc77hxwXLDrbA,Sony Sports Network,17,"['pakistan cricket', 'new zealand cricket', 'pakistan cricket team', 'new zealand cricket team', ""men's cricket"", 'highlights', 'match highlights', 'cricket highlights', 'T20', 'ODI', 'pak vs nz', 'new zealand vs pakistan', 'pakistan men', 'nz men', 'Pakistan Tour Of New Zealand highlights', 'Pakistan Tour Of New Zealand schedule', 'Pakistan Tour Of New Zealand squad', 'Pakistan Tour Of New Zealand', 'sports highlights', 'cricket highlights on sony liv', 'Pakistan cricket team', 'sony liv', 'cricket match', '2nd T20I']",PT11M47S,hd,false,3450356,51192,0,0,2981
OU1iCjoe1cY,Aas Paas Episode 20 - [Eng Sub] - Laiba Khan - Ali Ansari - 21st March 2025 - HAR PAL GEO,"Thanks for watching Har Pal Geo. Please click here https://bit.ly/3rCBCYN to Subscribe and hit the bell icon to enjoy Top Pakistani Dramas and satisfy all your entertainment needs. Do you know Har Pal Geo is now available in the US? Share the News. Spread the word.

Aas Paas Episode 20 - [Eng Sub] - Laiba Khan - Ali Ansari - 21st March 2025 - HAR PAL GEO

Aas Paas is a story of love, sacrifice, and the struggles within the relationships we often take for granted.
Arshia, a strong-willed young woman, is determined to reunite her broken family after her father abandons them. Meanwhile, Dr. Saham, a dedicated professional carrying his own burdens,
crosses paths with her.
Bound by their selflessness, they embark on a journey where their devotion to family is tested, and their own happiness is put on the line.
Will Arshia succeed in bringing her family back together? What challenges await Dr. Saham and Arshia? Could love blossom between them?

7th Sky Entertainment Presentation
Producers: Abdullah Kadwani & Asad Qureshi
Director: Muhammad Iftikhar Iffi
Writer: Samra Bukhari

Cast:
Ali Ansari as Dr. Saham
Laiba Khan as Arshia/Arshi
Samina Ahmed as Aneeqa Begum
Saba Faisal as Seemab
Saife Hasan as Kamal
Sahiba Afzal as Kashifa
Afzal Khan (Jan Rambo) as Ausaf 
Namra Shahid as Shagoofa 
Fahima Awan as Aneela
Faisal Naqvi as Musheer
Alina Chaudhry as Aneela's Mother-in-law 
Nain Sukh as Anooshia/Anooshi
Ahsan Afzal Khan as Ammad
Ahmed Usman as Shehroze

#AasPaas
#AliAnsari
#LaibaKhan",2025-03-21T17:00:24Z,UCe9JSDmyqNgA_l2BzGHq1Ug,HAR PAL GEO,24,"['geo dramas', 'latest pakistani drama', 'best pakistani dramas', 'pakistani drama', 'har pal geo', 'pakistani drama ost', '‡§™‡§æ‡§ï‡§ø‡§∏‡•ç‡§§‡§æ‡§®‡•Ä ‡§∏‡•Ä‡§∞‡§ø‡§Ø‡§≤', 'pakistani dramas 2025', 'Ali Ansari', 'Laiba Khan', 'Samina Ahmed', 'Saba Faisal', 'Saife Hasan', 'Sahiba Afzal', 'Afzal Khan (Jan Rambo)', 'Namra Shahid', 'Fahima Awan', 'Faisal Naqvi', 'Aas Paas Episode 20', 'Aas Paas Ost', 'Episode 20 Aas Paas', 'Aas Paas Song', 'Aas Paas', '#Ep20', '21st March 2025', 'Aas Paas Full Episode 20', 'Aas Paas Drama', 'ED-SA-UP-SA-CC-SA-TH-SA']",PT38M10S,hd,true,6267044,173125,0,0,4602
0OA5UnEGCn0,NZ vs PAK 3rd T20I - Cricket Highlights | Pakistan Tour Of New Zealand 2025 | Prime Video India,"In the 3rd T20I of Pakistan‚Äôs Tour of New Zealand, Hasan Nawaz smashed a blistering 44-ball century to guide Pakistan to a 9-wicket win in Auckland. Chasing down 205 in just 16 overs, Nawaz‚Äôs explosive knock led Pakistan to victory. Earlier, Mohammad Haris contributed a quickfire 41 off 20 balls. Mark Chapman‚Äôs 94 helped New Zealand post 204. Watch the thrilling highlights as Pakistan aims to keep their T20I series hopes alive under new captain Salman Ali Agha.

Watch the entire match here: https://bit.ly/NewZealandvsPakistan3rdT20IOnPrime

ABOUT PRIME VIDEO
Prime Video is a one-stop entertainment destination offering customers a vast collection of premium programming in one application available across several devices. On Prime Video, customers can find their favourite Indian and international original series, movies, TV shows, and more, across multiple languages ‚Äì including Indian-produced Original series like Mirzapur, Farzi, Panchayat, The Family Man, Dhootha, Jubilee, Dahaad, Made in Heaven, Suzhal ‚Äì The Vortex, Inspector Rishi, Poacher, Indian Police Force, Paatal Lok, Rainbow Rishta, Wedding.con; Original movies like Maja Ma, Ammu, Mast Mein Rehne Ka; popular global Originals like Citadel, The Lord of The Rings: The Rings of Power, Fallout, Reacher, The Boys, The Wheel of Time, Road House, The Idea of You; some of the biggest post-theatrical films; direct-to-service films such as Shershaah, Soorarai Pottru, Sardar Udham, Bawaal, Gehraiyaan, Jai Bhim, Jalsa, Sherni, Narappa, Sarpatta Parambarai, Kuruthi, Joji, Malik, Pippa, HOME, Sharmajee Ki Beti, and many more of such titles. Additionally, Prime Video‚Äôs video entertainment marketplace, offers customers programming from partners such as Lionsgate Play, Discovery+ Crunchyroll, BBC Player, Sony Pictures ‚Äì Stream, MGM+, FanCode, Chaupal, Manorama Max, Eros Now, Hoichoi, Anime Times, to name a few, via Prime Video add-on-subscriptions, as well as the option to rent movies, regardless of whether customers have a Prime membership or not. Customers can also go behind the scenes of their favorite movies and series with exclusive X-Ray access. Prime Video is one benefit among many that provides savings, convenience, and entertainment as part of the Prime membership. For more info visit www.amazon.com/primevideo.

#crickethighlights #highlights #nzvspak#sports #cricket #live #CricketOnPrime #newzealandvspakistan  #3rdt20 #primevideoindia",2025-03-21T10:33:46Z,UC4zWG9LccdWGUlF77LZ8toA,Prime Video India,17,"['nz vs pak', 'new zealand vs pakistan', 'cricket match', 'cricket series', 'nz cricket', 'pak cricket', 'live cricket score', 'cricket world', 'pakistan tour of new zealand', 'nz vs pak t20 highlights', 'nz vs pak live match today', 'nz vs pak live', 'nz vs pak highlights', 'nz vs pak t20', 'pak vs nz', 'pak vs nz live', 'nz vs sl live', 'pak vs nz cricket', 'nz vs pak t20 live', 'cricket highlights', 'full match highlights', 'amazon prime', 'prime video', 'prime video india', 'cricket', 'pak vs nz highlights today']",PT15M14S,hd,false,1190852,15106,0,0,1263
PGqltBCo6cU,L2E Empuraan Trailer (Malayalam) | Mohanlal | Prithviraj Sukumaran | Murali Gopy | March 27 Release,"#Empuraan #Mohanlal #PrithvirajSukumaran #L2E #AashirvadCinemas #SreeGokulamMovies

Presenting ‚ÄòL2E EMPURAAN‚Äô Official Trailer 

Malayalam | Tamil | Telugu | Kannada | Hindi 

Director - Prithviraj Sukumaran
Producer - Antony Perumbavoor 
Producer - Gokulam Gopalan
Production - Sree Gokulam Movies , Aashirvad Cinemas Pvt Ltd
Writer - Murali Gopy
DOP - Sujith Vaassudev
Music - Deepak Dev
Editor -  Akhilesh Mohan
Executive Producers - Suresh Balaje, George Pius
Project Design - Prithviraj Productions 
Production Controller - Sidhu Panakkal
Art Director - Mohandas
Teaser Cuts - Don Max
Chief Associate Director- Vava
Creative Director - Nirmal Sahadev
Sound Design - M R Rajakrishnan
Finance Controller - Manoharan K Payyannur
Action - Stunt Silva
Costume - Sujith Sudhakaran
Makeup - Sreejith Guruvayoor
VFX Supervisor - Praveen Ghanta
VFX - YFX Studios, Labyrinth Studios- Mumbai, Binary Circus, Paperplane, Ident, DTM
YFX Producer - Huseini Barodawala
SFX - Vishal Tyagi
First Associate Director - Renith  Ravindran
Production Executives - Saji Joseph, Sethu Adoor
Finance Manager - Basil M Babu
Production Manager - Sasidharan Kandanassery
Multilingual Dubbing Director -RP Bala
DI - Annapurna Studios
Colorist - Vivek Anand
Still - Sinat Savier
Design - Anand Rajendran (Illuminartist) 
Promotions - Poffactio

Stay connected with us:
YouTube: https://www.youtube.com/AashirvadCinemasOfficial
Facebook: https://www.facebook.com/AashirvadCin...
Twitter: https://twitter.com/aashirvadcine
Instagram: https://www.instagram.com/aashirvadcine
Web: https://www.aashirvadcinemas.com

(C) 2025 MJ Antony (Antony Perumbavoor)
Any illegal reproduction of this content will result in immediate legal action",2025-03-19T18:56:17Z,UC_J44kyEsEB8LPlhfm2Xb4g,Aashirvad Cinemas,1,"['Mohanlal', 'Prithviraj Sukumaran', 'Empuraan', 'Empuraan Trailer Mohanlal', 'Empuraan Official Trailer', 'Empuraan Mohanlal Movie', 'Empuraan Malayalam Trailer', 'Mohanlal Movie', 'Mohanlal Movies', 'Prithviraj Sukumaran Empuraan', 'Tovino Thomas', 'Manju Warrier', 'Tovino Thomas Empuraan', 'Empuraan Movie Songs', 'Empuraan Teaser Mohanlal', 'Malayalam movies', 'Empuraan Teaser HD', 'Empuraan Malayalam Movie Teaser', 'empuraan movie', 'malayalam movie trailer', 'Mohanlal empuraan', 'empuraan new trailer', 'empuraan new']",PT3M51S,hd,true,9617593,471005,0,0,35985
yG2MoXdFB34,KANIMAA Lyrical Video - RETRO | Suriya | Karthik Subbaraj | Pooja Hegde | Santhosh Narayanan,"T-Series Tamil presents KANIMAA Lyrical Video song from Retro New Tamil Movie  starring Suriya, Pooja Hegde, Joju George, Jayaram, Nassar, Prakash Raj, Karunakaran, Vidhya Shankar, Tamizh Music produced by Santhosh Narayanan & Lyrics by Vivek.

#Kanimaa #retromovie #suriya #latesttamilsong  
---------------------------------
Connect with T-Series Tamil: üëâ http://bit.ly/SubscribeToTseriesTamil
---------------------------------
üé∂ Music Credits üé∂
Song: Kanima
Lyrics : Vivek
Singer : Santhosh Narayanan, The Indian Choral Ensemble
Composed / Arranged / Programmed By Santhosh Narayanan
Bass: Naveen Napier
Live percussion / Rhythm programmed by   Karthikvamsi
Thavil, kanjeera - Kaviraj   
Drum Tech - Mariyappan
Tapes: Buddhar Kalai Kuzhu
Trumpets: Vijay,Maxi,Ben
Chorus: The Indian Choral Ensemble (Chamber), Aparna Harikumar, Nidhi Saraogi, Sushmita Narasimhan, Sreekanth Hariharan, Shridhar Ramesh, Karthik Manickavasakam
Chorus arranged and Recorded by Karthik Manickavasakam
Recorded at Future Tense Studios Chennai, UNO Records
Recorded by Santhosh Narayanan, Rupendar Venkatesh
Mixed by Santhosh Narayanan at  Future Tense Studios Chennai
Additional Mix by Rupendar Venkatesh
Mastered by Rupendar Venkatesh
Music Management - Meenakshi Santhosh
Studio Assistant : Jabaraj
Electric Guitar: Aditya Ravindran
Recorded by Thanushree N
Assisted by Iker Subu
At Studio Uno Records, Chennai

üé¨Movie Credits üé¨
Directed by Karthik Subbaraj
Produced by Jyotika - Suriya
Cast: Suriya, Pooja Hegde, Joju George, Jayaram, Karunakaran
Music: Santhosh Narayanan 
Cinematography: Shreyaas Krishna 
Editing: Shafique Mohamed Ali
Art Direction: Jacki, Mayapandi
Costume Design: Praveen Raja 
Stunts: Kecha Khamphakdee 
Co-produced by Rajsekar Karpoorasundarapandian, Karthikeyan Santhanam
Makeup: Vinoth Sukumaran
Sound Design: Suren.G, Alagiakoothan
Choreographer: Sherif.M 
Costumer: Mohammed Subier
Stills: Dinesh.M
Publicity Designs: Tuney John
Colorist: Suresh Ravi
Chief Production Controller: B.Senthil Kumar
Production Executive: Ganesh.PS
Executive Producer: M.Ashok Narayanan
Direction Team: Srinivasan.E, Anand Purusoth, Bharath Muralidharan, Jagadish Babu, Mahes Balu, Sooraj Das, Muruganantham, Avinash R, Mohan Kumar R, Selvakumar, Praveen Giri, Venkat Murugan
Promotions & Marketing: Balabharathi 
Creative promotions: BeatRoute
Making video : Praveen Raj
PRO: Yuvraaj, Sathish (S2)

Music Label: T-Series
------------------------------
Enjoy & stay connected with us!!

üëâSubscribe to T-Series Tamil: http://bit.ly/SubscribeToTseriesTamil
üëâLike us on Facebook: https://www.facebook.com/TseriesTamil
üëâFollow us on Instagram: http://bit.ly/InstagramT-SeriesSouthOffical
üëâFollow us on Twitter: http://bit.ly/TwitterT-SeriesSouthOffical
üëâFollow us on Whatsapp: https://whatsapp.com/channel/0029VaYvKJUGehEWUOwOio0q

Thanks Everyone for Watching Our Latest Tamil Song 2025. If you like the song than Please SUBSCRIBE Our Channel With Bell Icon to get notification of all of our newest releases. Will Make Sure to provide best Tamil songs of all time.",2025-03-21T11:29:07Z,UCAEv0ANkT221wXsTnxFnBsQ,T-Series Tamil,10,"['Tamil Songs', 'Latest Tamil Songs', 'Tamil Love song', 'tamil Melody Song', 'tamil Hits', 'Tamil Latest Songs 2025', 'Latest Tamil Hit Songs', 'Tamil New Release 2025', 'T-Series Tamil', 'Kanimaa Lyrical Video', 'Kanimaa Retro', 'Kanimaa Santhosh Narayanan', 'Santhosh Narayanan New Song', 'Retro Kanimaa', 'Kanimaa Suriya', 'Suriya New Song', 'Suriya Latest Song', 'Kanimaa Vivek', 'Santhosh Narayanan Kanimaa', 'Kanimaa The Indian Choral Ensemble', 'Santhosh Narayanan', 'Retro New Song', 'Retro Movie Music director']",PT4M10S,hd,false,7421555,195343,0,0,7057
40p8cYtjB4Y,ATHAGAARINTIKI FULL SONG | MADEEN SK | BULLETBANDI LAXMAN | KITTU PAWAN | DILIP SAI SHIRISHA LAXMAN,"ATHAGAARINTIKI FULL SONG | MADEEN SK | BULLETBANDI LAXMAN | KITTU PAWAN | DILIP SAI SHIRISHA LAXMAN





CREDITS :

PRODUCER : SAI PAWAR

LYRICS & DIRECTION SINGER : BULLET BANDI LAXMAN

MUSIC : MADEEN SK

CHORUS : HANMANTH YADAV & MADEEN SK

DOP & EDITING : JANATHA BABLU

ART: DJ SIKINDAR

POSTERS : SAGAR MUDIRAAZ

CASTING : KITTU PAVAN , SHIRISHA_LAXMAN

CEO : DILEEP SAI NAYAK

TECHNICAL SUPPORT : NITHISH MARAVENI








For Brand Partnerships and Collaborations please reach us at dosthimusic66@gmail.com







#ATHAGAARINTIKI
#madeensk 
#bulletbandilaxman 
#leatestlovefailuresongs 
#kittupavan
#shirisha
#folksong 
#lovefailuresongs 
#lovesongs
#telugusongs 
#Dileepsainayak
#folksongs
#RamLaxmanLoveFailureSongs
#telugulovesongs 
#telugufolksongs 
#sadsongs 
#lovefailuresongs 
#lovefailure 
#newlovefailuresongs 
#breakupsongs 
#breakupsongstelugu 
#newsong
#Latestelovesongs
#Newlovesongs2025
#2025hitsong
#teluguhits 
#newfolksong
#TeluguFolkSongs
 #TeluguDJSongs
 #TelenganaFolkSongs
#LatestDJFolkSongs2025
#TrendingVideoSongs2025
#NewVideoSongs2025
 #EmotionalStatusVideos
 #WhatsAppStatusVideos
 #LoveSongs2025
#newlovefailuresongs 
#newteluguhitsongs2025
#telugulovesongs‚Äã 
#telugufolksongs‚Äã 
#sadsongs‚Äã 
#lovefailuresongs‚Äã 
#lovefailure‚Äã 
#newlovefailuresongs‚Äã 
#breakupsongs",2025-03-21T03:00:06Z,UC0UnIOru5dzzhJSyXyhlWGA,Dosthi Music,10,"['ATHAGAARINTIKI FULL SONG', 'Athagaarintiki Song', 'Madeen Sk', 'Bullet Bandi Laxman', 'Kittu Pavan', 'Shirisha Laxman', 'Janatha Bablu', 'New Telugu Love Failure Songs', 'Folk Songs', 'Love Failure Songs', '2025 Love Failure Songs', 'Bullet Bandi Laxman Songs', 'Nuvvu Poovulu Salu Koni', 'Ram Laxman Songs', 'Singer Ramu Love Failure Songs']",PT5M12S,hd,false,641724,46476,0,0,2362
vHPae4sZbu8,Veera Dheera Sooran -Trailer | Chiyaan Vikram | SJ Suryah | S.U.Arun Kumar | G.V.Prakash |Riya Shibu,"#VeeraDheeraSooran #ChiyaanVikram #SJSuryah #DusharaVijayan #GVPrakashKumar #SUArunkumar #RiyaShibu #VeeraDheeraSooranTrailer

Here's the Trailer of ""Veera Dheera Sooran"", Starring Chiyaan Vikram, Sj Suryah & Others, Music Composed by G.V.Prakash Kumar. Directed by S.U.Arunkumar, Produced by HR Pictures, Riya Shibu.

Movie Credits:

Starring - Chiyaan Vikram, SJ Suryah, Suraj Venjaramoodu, Dushara Vijayan

An S.U. Arun Kumar Picture

A G.V. Prakash Kumar Musical

Produced by HR Pictures, Riya Shibu

DOP - Theni Eswar ISC
Editor - Prasanna GK
Art Director - C.S. Balachandar
Associate Producers - Rony Zachariah, Raja Subramanian & Sunil Shah
Sound Designer - Vinoth Thanigasalam
Stunt - ‚ÄòPhoenix‚Äô Prabu
Audiography - Vinay Sridhar
Costume Designer - J. Kavitha
Makeup - V. Kalaiazhagan
Colorist S. Madheswaran
Stills - Theni Murugan, D.Narendran
Publicity Designer - Tuney John 24AM
PRO - Yuvaraj
Executive Producer - Anlin Lal, Karthik SH
Production Controller - Cherai S Raju
Production Executive - Ravi AP
Director‚Äôs Manager - Dinesh S
Co-Directors - Amjathkhan Kiramiyan, Ulagan Karuppasamy
Associate Directors - S. Arokiya Basil Raja, Ashwini Arunagiri, Hemapriya
Assistant Directors - P.S. Gowtham, Gowtham Palani, Sasitharan, Sabari Rajan, Jesey Rukkmani

Audio Label : Think Music

¬© 2024 SPI Music Pvt. Ltd.

For All Latest Updates:
Website: https://thinkmusic.in/
Subscribe to us on: http://www.youtube.com/thinkmusicindia
Follow us on: https://twitter.com/thinkmusicindia
Like us on: https://www.facebook.com/Thinkmusicofficial
Follow us on: https://www.instagram.com/thinkmusicofficial",2025-03-20T16:27:19Z,UCLbdVvreihwZRL6kwuEUYsA,Think Music India,10,"['veera dheera sooran', 'chiyaan vikram', 'arunkumar', 'gv praksh kumar', 'veera dheera sooran trailer', 'veera dheera sooran tamil movie trailer', 'veera dheera sooran movie trailer tamil', 'vikram veera dheera sooran trailer', 'gv prakash', 'vikram veera dheera sooran tamil movie trailer', 'vikram veera dheera sooran trailer tamil', 'veera dheera sooran tamil trailer', 'veera dheera sooran teaser tamil', 'chiyaan vikram veera dheera sooran trailer', 'veera dheera sooran movie', 'vikram veera dheera sooran']",PT1M46S,hd,true,6552629,118446,0,0,2432
buhiqHwHHNc,I Left Baby on Grandparents Door & Hid in our Home üò±,"We decided to leave Asher on our parent's doorstep alone and spy on them through the day!

#hideandseek 

Also watch - https://www.youtube.com/watch?v=OZZgqCK8p9c
https://youtu.be/NzwwrNMwKg4
https://www.youtube.com/watch?v=b-2utiPT4Fs

SUBSCRIBE!!! . . 
Read my travel stories: https://www.wanderershub.com/ 

Facebook - https://www.facebook.com/WHtravel/ 
Twitter - https://twitter.com/HubWanderers 
Instagram - https://www.instagram.com/wanderershub/ 
Pinterest - https://in.pinterest.com/WandererHub/ 
.
.
About Me ‚ñ∫ My name is Prerna Malhan. I'm from Delhi and I'm a WRITER. Now I am pursuing Youtube full-time. I make entertainment and travel videos on this channel. Thanks for reading.",2025-03-20T09:20:41Z,UCtyltqstMm6iKnkk2Y9Zt8A,Wanderers Hub,22,"['wanderers hub', 'challenges', 'VLOGS', 'comedy', 'entertainment', 'hindi vlog', 'hide and seek', 'spying on parents', 'leaving baby alone', ""leaving baby alone on grandparent's door"", 'i hid in my house for 24 hours', 'I HID IN MY HOME', 'i hid in my basement', '24 HOURS CHALLENGE', 'INDIA CHALLENGES', 'COMEDY VLOG', 'FUNNY VLOG', 'hiding in my room', 'hiding in my home', 'hiding in my home youtube', 'hiding in my home FOR 24 HOURS', 'i hid in my own house for 24 hours', 'TRIGGERED INSAAN', 'FUKRA INSAAN', 'DIMPLES KITCHEN']",PT19M35S,hd,false,3136553,94440,0,0,2794
IOopJ-PDpac,"Premalo - Video Song | Court | Priyadarshi, Harsh Roshan, Sridevi | Vijai Bulganin | Ram Jagadeesh","For more latest songs & videos, subscribe üëâ https://bit.ly/Saregama_Telugu

Presenting the video song of  ""Premalo"" from 'Court' starring Sridevi, Harsh Roshan, Priyadarshi Pulikonda and others. Directed by Ram Jagadeesh. Music Composed by Vijai Bulganin.

Song Credis:
Music Composer: Vijai Bulganin
Singers : Anurag Kulakarni & Sameera Bharadwaj
Lyrics : Purna Chary 
Keyboard Programmer: Balu Keys 
Additional Strings Arrangements: Jishnu Vijay
Violins Solo & Strings Quartet: Rithu Vyshak
Bass Guitar: Shalu 
Flute: Lalit Talluri
Indian Live Rhythms Chennai
Raju
Lakshmi Kanth
Pyare Lal 
Adithya Babu 

Live Rhythms Co-ordinator : Pyare Lal
Recording Engineer : Vyshak Pk & Alina Dantis 
Recorded At Contrabass Studios Chennai
Strings Performed By Budapest Scoring Orchestra :
Recording Studio : Rottenbiller Utca 
Conductor: Peter Illenyi
Orchestra Indian Representative - Balasubramanian G
Session Producer: B√°lint Sapszon
Recording Engineer: Viktor Sabzo
Librarian: Agnes Sapszon, Kati Reti
Orchestrators : Abishek V, Balasubramanian G
Session Supervisor: Sanjay Ra
Vocal Engineer: Robin Sebastian 
Mixed & Mastered By - Roshan Sebastian @ Trnty Rcrds

Movie Credits:
Cast: Priyadarshi, Harsh Roshan, Sridevi, Sivaji, Sai Kumar, Harsha Vardhan, Rohini, Subhalekha Sudhakar, Surabhi Prabhavathi, Rajasekhar Aningi
Wall Poster Cinema, Nani Presents
Produced By: Prashanti Tipirneni
Written & Directed By: Ram Jagadeesh
Co-producer: Deepthi Ganta
Dop: Dinesh Purushothaman
Music: Vijai Bulganin
Editor: Karthika Srinivas R
Screenplay: Ram Jagadeesh, Karthikeya Sreenivass, Vamsidhar Sirigiri
Art: Vithal Kosanam
Lyrics: Purnachary
Costume Designer: Sumaiah Tabassum
Choreography: Eshwar Penti
Executive Producer: S. Venkatarathnam (Venkat)
Line Producer: Prashanth Mandava
Publicity Designer: Ananth Kancherla (Padmasri Ads)
Co-director: Ramana Madhavaram
Direction Department: Nagarjuna Gadde, Mani Hanumanthu, Vamsidhar Sirigiri, Karthikeya Sreenivass, Satya N Bejjanki, Thummala Upamanue Raja, Dharmateja K

Lyrics:
Pallavi:
Vela vela vennelantha
Meedha vaali velugunantha
Moyamante nenu entha.. Arere‚Ä¶
Chinni gunde unnadhentha
Haayi nimpi gaalinantha
Oodhamante oopirentha.. Arere‚Ä¶
Kallu rendu pusthakaalu
Bhasha leni aksharaalu
Choopulone ardhamayye.. Anni maatalu‚Ä¶
Mundhu leni aanavaalu
Leniponi kaaranaalu
Kotha kotha onamaalu.. Enni maayalu‚Ä¶
Kathalenno cheppaaru
Kavithalni raasaaru
Kaalaalu dhaataaru
Yuddhaalu chesaaru
Premalo.. Thappu ledhu premalo.. || 2 ||
Charanam 1:
Aakaasham thaakaali ani undha
Naatho raa chupisthaa aa saradhaa
Nelanthaa chuttese veelundhaa
Emundhi premisthe saripodhaa
Aha mabbulanni kommalai
Poolavaana pampithe
Aa vaana peru prema le
Dhaani ooru manamu le
Ye manasuni yemadagaku ye rujuvini.. Oh.. Anthe.. Oh..
|| Kathalenno ||
Charanam 2:
Enthunte entantaa dhooraalu
Rekkallaa ayipothe paadhaalu
Unnaayaa bandhinche dhaaraalu
Oohallo untunte praanaalu
Are ningi loni chukkale
Kindhakochi cherithe
Avi neeku edhuru nilipithe
Undipova ikkade
Jaabili itu cherenu porapaatuna ani.. Oh.. Inthe.. Oh..
|| Kathalenno ||

Label: Saregama India Limited, A RPSG Group Company

To buy Carvaan, visit https://www.saregama.com/carvaan/telugu
To buy virus free original tracks, visit  https://www.saregama.com/musicstore
Follow us on: YouTube: @saregamasouth
Facebook: http://www.facebook.com/Saregamatelugu
X: https://twitter.com/saregamasouth

#COURT #SaregamaTelugu",2025-03-21T10:33:07Z,UC68nKdrLbLL0Vj7ilVkLmmg,Saregama Telugu,10,"['Premalo', 'Premalo song', 'Premalo video', 'Premalo court', 'Premalo court song', 'Premalo love song', 'Priyadarshi song', 'Vijai Bulganin songs', 'Telugu love songs', 'new Telugu movie songs', 'romantic Telugu songs', 'emotional Telugu songs', 'best Telugu songs', 'Telugu songs 2025', 'new Tollywood songs', 'Anurag Kulkarni songs', 'Sameera Bharadwaj songs', 'super hit Telugu songs', 'viral Telugu songs', 'Tollywood latest songs', 'Telugu melody songs', 'Telugu romantic songs', 'best Telugu songs 2025']",PT4M59S,hd,false,1617919,33179,0,0,505
PoKMn7Q5ons,Exam Sothanaigal 4 | Micset,"Download Probo now and get your sign up bonus
https://probo-in.onelink.me/1kre/MicsetYTMAR1

""The struggles of students continue in Exam Sothanaigal 4! From last-minute cramming to unexpected surprises in the exam hall, this hilarious take on student life will leave you laughing. Watch now and relive your exam nightmares!""

#Exam #comedy #micset #sothanaigal #examsothanaigal 

For Promotional Purposes :https://youtu.be/gEC8IEZYxc0?si=dShPsDIgXmSSmBs5

Cast & Crew:

Sriram :  ( INSTA ID -  https://www.instagram.com/sriram_prince_?utm_source=ig_web_button_share_sheet&igsh=ZDNlZDc0MzIxNw==   )

Abinash : ( INSTA ID -   https://www.instagram.com/abinash_rajtha?utm_source=ig_web_button_share_sheet&igsh=ZDNlZDc0MzIxNw==  )

Nandha: ( INSTA ID - https://www.instagram.com/nandy_nandha_?utm_source=ig_web_button_share_sheet&igsh=ZDNlZDc0MzIxNw==  )

Achu:  ( INSTA ID -  https://www.instagram.com/a.c.h.u._5?utm_source=ig_web_button_share_sheet&igsh=ZDNlZDc0MzIxNw== )

Kiruthi: ( INSTA ID - https://www.instagram.com/being_kiruthi?utm_source=ig_web_button_share_sheet&igsh=ZDNlZDc0MzIxNw== )

Harish: ( INSTA ID - https://www.instagram.com/harish_rk_?utm_source=ig_web_button_share_sheet&igsh=ZDNlZDc0MzIxNw== )

Srivats - Vignesh - Danny -  

Script - Direction - Screenplay - sound design :
Sriram:  ( INSTA ID - https://www.instagram.com/sriram_prince_?utm_source=ig_web_button_share_sheet&igsh=ZDNlZDc0MzIxNw==    )

Editing - VFX - DI  :
R.C. SRIVATS DEVARADJANE: ( INSTA ID - https://www.instagram.com/rcsrivats?utm_source=ig_web_button_share_sheet&igsh=ZDNlZDc0MzIxNw== )

Cinematographer :
Nandha: ( INSTA ID -  https://www.instagram.com/nandy_nandha_?utm_source=ig_web_button_share_sheet&igsh=ZDNlZDc0MzIxNw==  )

Business Developer  :
Raji

Exe Producer :
Danny: ( INSTA ID - https://www.instagram.com/dhinesh.dany?utm_source=ig_web_button_share_sheet&igsh=ZDNlZDc0MzIxNw==  )

Music Theme :
Arulraj: (  INSTA ID - https://www.instagram.com/aj_music_producer?utm_source=ig_web_button_share_sheet&igsh=ZDNlZDc0MzIxNw== )
Sathish: ( INSTA ID -   https://www.instagram.com/sattrichard?utm_source=ig_web_button_share_sheet&igsh=ZDNlZDc0MzIxNw==   )
Vignesh 

For Promotions, Branding, Digital Marketing 
Contact : +91 6379535288
Email: officialmicset@gmail.com

Branding partner: Crution Private Limited - https://crution.com ( https://wa.me/919962181994 )

_______________

Sriram ( INSTA ID -   https://www.instagram.com/sriram_prince_?utm_source=ig_web_button_share_sheet&igsh=ZDNlZDc0MzIxNw==   )

_______________

Mic Set Facebook page :   / micsetchannel  
Mic Set Instagram          :    / micset_micset  
Mic Set x                 :    / micset_official  

_______________

In Association with DIVO - Digital Partner
Website - http://web.divo.in/
Instagram -   / divomovies  
Facebook -   / divomovies  
Twitter -   / divomovies",2025-03-21T10:30:08Z,UC5EQWvy59VeHPJz8mDALPxg,Mic Set,23,"['micset', 'mic set', 'micset sothanaigal', 'sothanaigal', 'mind voice sothanaigal', 'mic set sothanaigal', 'sothanaigal micset', 'mic set comedy', 'micset sriram', 'micset new episodes', 'mic set videos', 'mic set mind voice', 'micset videos', 'micset channel tamil', 'micset latest episode', 'mic set latest video', 'exam sothanaigal 4', 'exam comedy', 'micset exam 4', 'types of student in exam', 'exam funny', 'exam funny video', 'exam comedy tamil', 'classroom comedy', 'funny video', 'Exam sothanaigal', 'mic set new video']",PT16M52S,hd,false,482047,36960,0,0,895
cSIrQ88tTAs,Ye Kya Mil Gaya üòç G-Wagon K Sath,"Folllow  me on Instagram- https://www.instagram.com/souravjoshivlogs/?hl=en
 
I hope you enjoyed this video

hit likes.
And do subscribe to my channel

Thank you so much for watching

god bless you all.
lots of  ‚ù§Ô∏è

( For Collaboration - officialsouravjoshivlogs@gmail.com",2025-03-22T02:30:30Z,UCjvgGbPPn-FgYeguc5nxG4A,Sourav Joshi Vlogs,22,"['sourav joshi', 'sourav joshi vlogs', 'family vlogs', 'daily vlogs', 'piyush joshi', 'piyush joshi vlogs', 'sourav joshi arts', 'vlogs', 'family vlog', 'KUNALI', 'KUNALI JOSHI', 'KUNALI JOSHI VLOGS', 'kunali', 'kunali vlogs', 'kunali vlog', 'kunali k toys', 'thailand vlog', 'thailand pohoch gye', 'new car', 'new car delivery', 'taking delievry of new car', 'Maha kumbh', 'Kumbh mela', 'Kumbh mela vlog', 'Finally Taking Delivery Of G-Wagon']",PT8M45S,hd,false,2767987,153009,0,0,4617
Q2pQbT1gTC0,MR. INDIAN HACKER  Car Collection - More Than ‚Çπ5 Crore,"Doston, aaj ka video hai kuch khaas! Aapko dikhane ja rahe hain humari  car collection jo ki ‚Çπ5 crore se bhi zyada ki hai! üò±üí∏

Kaun-kaunsi gaadiyaan hain? Kaun si sabse fast hai? Aur kis car se hai sabse zyada pyaar? Sab kuch milega is epic video mein!

Video ko pura end tak dekhna, aur comment karke batana kaunsi car aapki favourite hai! ‚ù§Ô∏è

How We Built  Longest Car Video Link - https://youtu.be/eOY53XPKUgc?si=vDrDWssvYQBuHJOW

Final Version Of Our Limousine ( Longest Car ) Part 2 - https://youtu.be/EbNmdkOM8KQ?si=q8dNCGOddB5iVOzY


Best Videos You Should Watch - 

We Made Real Black Hole - 

https://youtu.be/z-d42gHvp5Y?si=6kh4TFaw7QwVtlcj

We Built Hydroelectric Dam School Project In Real Life -

https://youtu.be/ApzXZ9LzKes?si=Ppw2X6rgj9YdgBGd

World's Fastest EGG 1000 Kmph - 

https://youtu.be/FHaISozKmvM?si=Y4fgOBXfR5Om4JX5

Gear We Use For Our You Tube Videos -

Best Lev Mic - https://amzn.to/3DVRKO3

Gimble For Smart Phone - https://amzn.to/3PpP261

Camera        - https://amzn.to/41Xp7Ky

Mic                - https://amzn.to/4a83PMg

Gimble          - https://amzn.to/3Pombim

lens               - https://amzn.to/409gslw

For Editing   - https://amzn.to/4gAc5ah

Reflector      - https://amzn.to/3Prc3Wa

Best Videos Playlist - https://www.youtube.com/playlist?list=PLs2q0kQKcqma0C44OiJUdaOSoC61Bmloe

SUBSCRIBE: https://youtube.com/MRINDIANHACKER?sub_confirmation=1

FOLLOW KARLO üòò
Instagram : https://www.instagram.com/dilraj_singh_rawat
Twitter : https://www.x.com/MR_INDIANHACKER
Facebook : https://www.facebook.com/mrindianhacker00
--------------------------------------------------------------------------------------------------
--------------------------------------------------------------------------------------------------
ùêÖùê®ùê´ ùêÅùêÆùê¨ùê¢ùêßùêûùê¨ùê¨ & ùêÇùê®ùê•ùê•ùêöùêõùê®ùê´ùêöùê≠ùê¢ùê®ùêß'ùê¨ ùêÇùê®ùêßùê≠ùêöùêúùê≠ ùêáùêûùê´ùêû:-
Team@mrindianhacker.com
Gaurav@mrindianhacker.com
Manish@mrindianhacker.com
--------------------------------------------------------------------------------------------------",2025-03-21T10:26:02Z,UCSiDGb0MnHFGjs4E2WKvShw,MR. INDIAN HACKER,28,"['mr indian hacker', 'mr indian hacker car collection', 'mr. indian hacker', 'CAR COLLECTION', 'mr. indian hacker car collection', 'sports car', 'super car', 'new car', 'all cars', 'mr indian hacker income']",PT15M43S,hd,false,2985173,229123,0,0,13599
kuZ-6jd82Go,OG SAMBAVAM Lyrical Video | Good Bad Ugly | Ajith | Trisha | G V Prakash | Adhik Ravichandran,"T-Series Tamil presents OG Sambavam Lyrical Video Song from Good Bad Ugly New Tamil Movie starring Ajith Kumar,Trisha Krishnan Music Directed by G.V. Prakash Kumar & Lyricist by Vishnu Edavan.

Gulshan Kumar, Bhushan Kumar & T Series Films Presents

#OgSambavam #goodbadugly #ajithkumar #gvprakashkumar 
---------------------------------
Connect with T-Series Tamil: üëâ http://bit.ly/SubscribeToTseriesTamil
---------------------------------
üé∂ Music Slate üé∂
Song Name: OG Sambavam
Movie Name : Good Bad Ugly
Artist: Ajith Kumar
Singer : GV Prakash Kumar, Adhik Ravichandran
Lyricist: Vishnu Edavan
Music Directed by G.V. Prakash Kumar
Programmed by Smith Asher 
Guitars : Dan Kristen Pandian 
Chorus : Sugandh Shekar, Shibi Srinivasan, Aravind Annest, Govind Prasad, Abhijith Rao, Velu
Recorded by Aswin George John at Sounds Right studios, Chennai 
Music Supervised by Jehovahson Alghar
Pre-Mixed by Roopash Tiwari 
Mixed and Mastered by Jehovahson Alghar, Divine labs 
Assistant Sound Engineer : Roopash Tiwari, Manu Ravichandran, Divine labs 
Divine labs Musicians Assistant : P Rajamurugan

Cast & Crew Details:-
Cast: Ajith Kumar, Trisha Krishnan & Others

Technical Crew :
Writer & Director : ADHIK RAVICHANDRAN
Producers : NAVEEN YERNENI - Y RAVI SHANKAR
Co-Producer : Shiv Chanana
President (T-Series) : Neeraj Kalyan
CEO : Cherry 
Chief Executive Producer : Dinesh Narasimhan
Music : GV Prakash Kumar
DOP : Abinandhan Ramanujam
Editor : Vijay Velukutty
Production Designer : G M Sekhar 
Stunts : Supreme Sundar, Kaloian Vodenicharov
Stylist : Anu Vardhan / Rajesh Kamarsu
PRO : Suresh Chandra 
PRO (Telugu) : Vamsi Shekar
Marketing : First Show
Marketing (Tamil) : D'one
Sound design : Suren 
Stills : G Anand Kumar 
Publicity designs : ADFX Studio
Music Supervisor: Jehovahson Alghar
Head of VFX - Narendra Logisa

DIRECTION TEAM:
Co-Directors: Ravi Kandasamy, Harish Manikandan
Associate Directors: K Raja, V G Balasubramanian
Asst Directors: S Vijai prabu, Rishabh Ravindhar

DOP TEAM: Arvi, Arun Damodaran, Jackson, Ajay
EDITING TEAM: Hariharan V, Danachezhian S

Music Label: T-Series
------------------------------
Enjoy & stay connected with us!!

üëâSubscribe to T-Series Tamil: http://bit.ly/SubscribeToTseriesTamil
üëâLike us on Facebook: https://www.facebook.com/TseriesTamil
üëâFollow us on Instagram: http://bit.ly/InstagramT-SeriesSouthOffical
üëâFollow us on Twitter: http://bit.ly/TwitterT-SeriesSouthOffical
üëâFollow us on Whatsapp: https://whatsapp.com/channel/0029VaYvKJUGehEWUOwOio0q

Thanks Everyone for Watching Our Latest Tamil Song 2025. If you like the song than Please SUBSCRIBE Our Channel With Bell Icon to get notification of all of our newest releases. Will Make Sure to provide best Tamil songs of all time.",2025-03-18T11:37:50Z,UCAEv0ANkT221wXsTnxFnBsQ,T-Series Tamil,10,"['Tamil Songs', 'Latest Tamil Songs', 'Tamil New Release', 'T-Series', 'OG Sambavam Song Promo', 'OG Sambavam Lyrical Video Song', 'OG Sambavam Good Bad Ugly', 'OG Sambavam Latest Song', 'OG Sambavam G V Prakash Kumar', 'OG Sambavam Vishnu Edavan', 'OG Sambavam Adhik Ravichandran', 'OG Sambavam Ajith Kumar', 'OG Sambavam Trisha Krishnan', 'Ajith Kumar New Song', 'Ajith OG Sambavam', 'Good Bad Ugly New Song', 'Og Sambavam New Song', 'ajith kumar motiovational song', 'new ajith Movie song', 'thala Ajith Video Song']",PT3M16S,hd,false,20649486,630308,0,0,23337
gIJqao730mY,Where is Mau ?,"Supplements Crafted my me for performance BeastLife Protein 
Amazon https://amzn.in/d/75gwmJL
https://beastlife.in/

Pure A2 Ghee and stone pressed Oils https://www.rosierfoods.com/




Gaurav's Instagram https://www.instagram.com/taneja.gaurav/
Ritu's Instagram https://www.instagram.com/riturathee/
Rashi's Instagram https://www.instagram.com/rasbhari.taneja/

Twitter https://twitter.com/flyingbeast320


Vlogging Gear
my camera https://amzn.to/2p3yckT
lens for this camera https://amzn.to/2N103dz
old Camera https://amzn.to/2QpJP1l
lens for vlogging (old but good for new vloggers)  https://amzn.to/2AEOPoM
buy this for cinematic shots https://amzn.to/2QwBtVB
if still have money https://amzn.to/2AJLOn1
Small Camera    https://amzn.to/2QstwAU
Action Camera .https://amzn.to/2Pab3o1
Flying Camera . https://amzn.to/2zB8kPj
old Mic              https://amzn.to/2RsrBtl
new mic https://amzn.to/31BJQ3B
cinematic shots with https://amzn.to/2DUVcYn
tripod for camera https://amzn.to/2RsrVIz

Edit IG @shubhi_smilemore
Music by- ES

If you are into fitness and gymming follow my other channel also https://www.youtube.com/channel/UCn8Fiasqd-6G3A6AS322mZA

I live in New Delhi and love making vlogs, short movies editing. I also love fitness (Subscribe to my other channel )
I graduated from IIT Kharagpur and currently work as a captain with a domestic carrier.",2025-03-22T03:30:20Z,UCNSdjX4ry9fICqeObdZPAZQ,Flying Beast,22,"['vlogs', 'vlog', 'indian', 'vlogger', 'flying', 'beast', 'review', 'gaurav', 'ritu', 'flying beast', 'gaurav taneja', 'ritu rathee', 'rabhari', 'chicklu', 'fit muscle tv', 'family vlog', 'flyingbeast', 'rasbhari ke papa', 'moo ba la la la', 'fan kaha hai', 'pilot', 'rashi', 'pihu', 'rosier', 'flying beast ghee', 'beast ghee', 'beast farm', 'beast life', 'beast protein', 'rosier foods', 'beastlife', 'flying beast protein']",PT13M54S,hd,false,364890,25208,0,0,1992
oUo9wxzeLDY,KKR vs RCB Dream11 Prediction 2025|KKR vs RCB Dream11 Team|RCB vs KKR Dream11 Prediction|,"KKR vs RCB Dream11 Prediction 2025|KKR vs RCB Dream11 Team|RCB vs KKR Dream11 Prediction| is brought to you by cric11forecast for kkr vs rcb dream11 prediction team today
KKR vs RCB Dream11 Prediction 2025|KKR vs RCB Dream11 Team|RCB vs KKR Dream11 Prediction| is a match of kkr vs rcb dream11 ipl t20 and includes match preview for kkr vs rcb dream11 from t20 indian premier league 2025

Cric11Forecast  üëáüëá 
https://telegram.me/cric11forecast
Or 
https://telegram.me/+RmiMoMOJU6cae6AJ

-----------------------------------------------------

MY SOCIAL MEDIA HANDLES:
Youtube   https://www.youtube.com/cric11forecast
Instagram https://www.instagram.com/cric11forecast
Facebook https://www.facebook.com/cric11forecast
Twitter      https://www.twitter.com/cric11forecast
Whatsapp https://whatsapp.com/channel/0029Va6eY2x7YScukHJjkd2M


-----------------------------------------------------

#kkrvsrcb
#cric11forecast
#kkrvsrcbdream11


The video includes 
kkr vs rcb dream11 prediction
kkr vs rcb dream11 team prediction 
kkr vs rcb dream11 prediction today match 
kkr vs rcb dream11
kkr vs rcb dream team prediction 
kkr vs rcb fantasy11 prediction 
kkr vs rcb dream team
kkr vs rcb 2025
kkr vs rcb team
kkr vs rcb indian premier league t20
kkr vs rcb dream11 prediction 2025
kkr vs rcb dream11 team
kkr vs rcb dream11 today
kkr vs rcb dream11 team prediction 
kkr vs rcb dream11 team today
kkr vs rcb prediction today match
kkr vs rcb ipl 2025
kkr vs rcb dream11 prediction
kkr vs rcb dream11 team prediction 
kkr vs rcb dream11 prediction today match 
kkr vs rcb dream11
kkr vs rcb dream team prediction 
kkr vs rcb fantasy11 prediction 
kkr vs rcb team
kkr vs rcb indian premier league t20
kkr vs rcb dream11 prediction 2025
kkr vs rcb dream11 team
kkr vs rcb dream11 today
kkr vs rcb dream11 team prediction 
kkr vs rcb dream11 team today
kkr vs rcb prediction today match
kkr vs rcb ipl 2025
cric11forecast
dream11 
dream11 prediction 
KKR vs RCB Dream11
rcb vs kkr dream11
rcb vs kkr dream11 prediction 
rcb vs kkr dream11 team
rcb vs kkr dream11 today
rcb vs kkr ipl
rcb vs kkr dream11
rcb vs kkr dream11 prediction 
rcb vs kkr dream11 team
rcb vs kkr dream11 today
rcb vs kkr ipl
dream11 today
Dream11 
today dream11 prediction
dream11 today team
kolkata vs bangalore dream11
kolkata vs bangalore 
bangalore vs kolkata dream11
bangalore vs kolkata
today match prediction crickotologic 
fantasy cricket guru
cricket guru
fantasy guru
fantasy cricket expert
fantasy cricket app
fantasy app
fantasy cricket prediction
kumar 508 
the fantasy cricket expert
cricket prediction
fantasy cricket team
fantasy channel
live fantasy cricket
anurag dwivedi
stats guruji
mor dream fantasy
teams4win
somesh thakre
cricinformer
fantasy talent hub
crickotologic
cric11 forecast
rj raunac
aakash chopra
cricket
cricket videos
cricket highlights
cricket shorts


Disclaimer 
1. This analysis is based on my Understanding, knowledge and instinct .While selecting your team, consider the points mentioned and make your own decision.

2.Fantasy Apps takes great care to comply with all central and state legislation in India to ensure that users are fully protected. Every contest on platform is carefully designed to comply with applicable statutes and regulations in India.
Fantasy apps constitutes a ‚Äògame of mere skill‚Äô, which makes the Fantasy Apps game exempt from the provisions of the Public gambling Act, 1867 (PGA).
Fantasy Apps is a legitimate business activity protected under Article 19(1)(g) of the Constitution of India

KKR vs RCB Dream11 Prediction 2025|KKR vs RCB Dream11 Team|RCB vs KKR Dream11 Prediction|",2025-03-21T08:24:43Z,UCGBQ_wLv2xTZMaVhkKObBQg,CRIC11 FORECAST,17,"['kkr vs rcb dream11 prediction 2025', 'kkr vs rcb dream11 prediction', 'kkr vs rcb dream11 prediction today match', 'kkr vs rcb dream11 team prediction', 'kkr vs rcb dream11 team', 'kkr vs rcb dream11 today', 'kkr vs rcb dream11', 'kkr vs rcb', 'kkr vs rcb dream11 2025', 'kkr vs rcb 2025', 'cric11forecast', 'dream11 prediction', 'dream11 team', 'dream11 today', 'dream11 ipl 2025', 'rcb vs kkr dream11 prediction', 'rcb vs kkr dream11 team', 'rcb vs kkr dream11', 'rcb vs kkr dream11 prediction today match']",PT22M37S,hd,false,374271,19197,0,0,1168
GAM6m2JGIrc,"Power Star Pawan Singh, Shilpi Raj - ‡§ï‡§Æ‡§∞ ‡§¶‡§¨‡§æ‡§¶‡•Ä (Official Video) | Kamar Dabadi ft. Namrita Malla","‡§Ö‡§¨ ‡§ï‡§Æ‡§∞ ‡§π‡§ø‡§≤‡§æ‡§µ‡•á ‡§ï‡•á ‡§¨‡§æ‡§∞‡•Ä ‡§¨‡§æ! ‡§¶‡•á‡§ñ‡§ø ‡§î‡§∞ ‡§ï‡§Æ‡•á‡§Ç‡§ü ‡§Æ‡•á‡§Ç ‡§¨‡§§‡§æ‡§à ‡§ï‡•à‡§∏‡§æ ‡§≤‡§ó‡§æ ?

Listen to Kamar Dabadi on:

YouTube Music: https://music.youtube.com/watch?v=wgi4aHGDZFY&si=Ao6aGrELMesZ_2ma
Spotify: https://open.spotify.com/track/4OxMtdlNlAJrNiNzrpKlBK?si=c884f90d09dd4483
Jiosaavn: https://www.jiosaavn.com/song/kamar-dabaadi/BBgyXhN4YH0


#VYRLBhojpuri #PawanSingh #ShilpiRaj

Starring: Pawan Singh | Namrata Malla
Singer: Pawan Singh & Shilpi Raj
Lyrics:Raushan Singh Viswash 
Music: Sargam Akash
Director:Deepansh Singh
Editor: Jitz.fx 
DOP: Vazeer Art & Ravi Kumar
Project Managed by: Amit Singh 
Choreography:Goldi Jaiswal & Sunny Sonkar 
DI:Rohit Singh 
Production: Inspire x Isobaric 
Poster: Ankit Gfx
Special thanks- Amit Singh


Music release inquiries: contact.vyrlregional@umusic.com 

Label: VYRL Bhojpuri

Follow & Subscribe to VYRL Bhojpuri: 
YouTube Channel: https://bit.ly/vyrlbhojpuri
Follow us on Instagram: https://bit.ly/vyrl_bhojpuri
Follow us on Facebook: https://bit.ly/vyrl-bhojpuri
Follow us on Sharechat: https://sharechat.com/vyrlbhojpuri

¬©Universal Music India Pvt. Ltd.",2025-03-21T04:30:07Z,UC3cLf6pTB23nDry7awtxSZQ,VYRL Bhojpuri,10,"['vyrl bhojpuri', 'vyrl bhojpuri song', 'vyrl bhojpuri channel', 'vyrl bhojpuri pawan singh', 'pawan singh kamar daba di song', 'kamar daba di song', 'kamar dabadi song', 'kamar dabadi pawan singh', 'pawan singh shilpi raj', 'pawan singh shilpi raj song', 'namrita malla', 'namrita malla new song', 'namrita malla bhojpuri song hot', 'namrita malla pawan singh', 'kamar dabadi namrita malla', 'pawan singh', 'pawan singh new song', 'pawan singh songs', 'pawan singh hit song', 'new song', 'bhojpuri song']",PT3M18S,hd,false,2570979,142352,0,0,24858
FBHuy2DuxJE,Aas Paas Episode 19 - [Eng Sub] - Laiba Khan - Ali Ansari - 20th March 2025 - HAR PAL GEO,"Thanks for watching Har Pal Geo. Please click here https://bit.ly/3rCBCYN to Subscribe and hit the bell icon to enjoy Top Pakistani Dramas and satisfy all your entertainment needs. Do you know Har Pal Geo is now available in the US? Share the News. Spread the word.

Aas Paas Episode 19 - [Eng Sub] - Laiba Khan - Ali Ansari - 20th March 2025 - HAR PAL GEO

Aas Paas is a story of love, sacrifice, and the struggles within the relationships we often take for granted.
Arshia, a strong-willed young woman, is determined to reunite her broken family after her father abandons them. Meanwhile, Dr. Saham, a dedicated professional carrying his own burdens,
crosses paths with her.
Bound by their selflessness, they embark on a journey where their devotion to family is tested, and their own happiness is put on the line.
Will Arshia succeed in bringing her family back together? What challenges await Dr. Saham and Arshia? Could love blossom between them?

7th Sky Entertainment Presentation
Producers: Abdullah Kadwani & Asad Qureshi
Director: Muhammad Iftikhar Iffi
Writer: Samra Bukhari

Cast:
Ali Ansari as Dr. Saham
Laiba Khan as Arshia/Arshi
Samina Ahmed as Aneeqa Begum
Saba Faisal as Seemab
Saife Hasan as Kamal
Sahiba Afzal as Kashifa
Afzal Khan (Jan Rambo) as Ausaf 
Namra Shahid as Shagoofa 
Fahima Awan as Aneela
Faisal Naqvi as Musheer
Alina Chaudhry as Aneela's Mother-in-law 
Nain Sukh as Anooshia/Anooshi
Ahsan Afzal Khan as Ammad
Ahmed Usman as Shehroze

#AasPaas
#AliAnsari
#LaibaKhan",2025-03-20T17:00:25Z,UCe9JSDmyqNgA_l2BzGHq1Ug,HAR PAL GEO,24,"['geo dramas', 'latest pakistani drama', 'best pakistani dramas', 'pakistani drama', 'har pal geo', 'pakistani drama ost', '‡§™‡§æ‡§ï‡§ø‡§∏‡•ç‡§§‡§æ‡§®‡•Ä ‡§∏‡•Ä‡§∞‡§ø‡§Ø‡§≤', 'pakistani dramas 2025', 'Ali Ansari', 'Laiba Khan', 'Samina Ahmed', 'Saba Faisal', 'Saife Hasan', 'Sahiba Afzal', 'Afzal Khan (Jan Rambo)', 'Namra Shahid', 'Fahima Awan', 'Faisal Naqvi', 'Aas Paas Episode 19', 'Aas Paas Ost', 'Episode 19 Aas Paas', 'Aas Paas Song', 'Aas Paas', '#Ep19', '20th March 2025', 'Aas Paas Full Episode 19', 'Aas Paas Drama', 'ED-SA-UP-SA-CC-SA-TH-SA']",PT38M12S,hd,true,8695454,189921,0,0,4950
QWoXGNO4ctA,[HINDI] realme BGIS 2025 | QUARTER FINALS | Day 1,"Dive into the heart of the battleground with realme BGIS 2025 QUATER FINALS! Witness 64 teams clash in a relentless pursuit of glory, but only the strongest 56 will advance to the next round. Get ready for non-stop action, breathtaking battles, and strategic gameplay that will keep you on the edge of your seat. Each match is a testament to skill, strategy, and survival ‚Äî who will dominate, and who will bow out? Don‚Äôt miss a moment of this epic showdown. Tune in, cheer on your favourite teams, and see who makes the mark to move one step closer to the ultimate victory in realme BGIS 2025!

#BGMI #BGISxrealme #BGIS2025 #MAKEYOURMARK #KRAFTONINDIAESPORTS #KIE #realmeBGIS2025",2025-03-20T16:11:40Z,UCugG6-k5QGbq_iDEPAnG4NQ,KRAFTON INDIA ESPORTS,20,"['BATTLEGROUNDS MOBILE INDIA', 'BATTLEGROUNDSMOBILEINDIA', 'BATTLEGROUNDS MOBILE', 'BATTLEGROUNDS', 'BATTLEGROUNDS MOBILE INDIA OFFICIAL CHANNEL', 'BATTLEGROUNDS MOBILE INDIA YOUTUBE', 'BGMI', 'BATTLEGROUNDS MOBILE INDIA Release date', 'BATTLEGROUNDS MOBILE INDIA Teaser', 'BGMI LIVE', 'BGIS 2024', 'BGIS 2023', 'BGIS', 'iqoo z9 s pro', 'iqooz9spro', 'iqooz9']",PT6H7M44S,hd,false,2119944,71407,0,0,194
H0ktjKHXvqk,‡¥µ‡¥ø‡¥ï‡µç‡¥∞‡¥µ‡µÅ‡¥Ç ‡¥∏‡µÇ‡¥∞‡µç‡¥Ø‡¥Ø‡µÅ‡¥Ç ‡¥û‡µÜ‡¥ü‡µç‡¥ü‡¥ø; ‡¥Æ‡¥ø‡¥Æ‡¥ø‡¥ï‡µç‡¥∞‡¥ø ‡¥ö‡µÜ‡¥Ø‡µç‡¥§‡µç ‡¥Ü‡¥±‡¥æ‡¥ü‡¥ø ‡¥∏‡µÅ‡¥∞‡¥æ‡¥ú‡µç | Suraj Mimicry | Veera Dheera Sooran,"Suraj Venjaramoodu Mimicry at Veera Dheera Sooran launch | ‡¥µ‡¥ø‡¥ï‡µç‡¥∞‡¥µ‡µÅ‡¥Ç ‡¥∏‡µÇ‡¥∞‡µç‡¥Ø‡¥Ø‡µÅ‡¥Ç ‡¥û‡µÜ‡¥ü‡µç‡¥ü‡¥ø; ‡¥Æ‡¥ø‡¥Æ‡¥ø‡¥ï‡µç‡¥∞‡¥ø ‡¥ö‡µÜ‡¥Ø‡µç‡¥§‡µç ‡¥Ü‡¥±‡¥æ‡¥ü‡¥ø ‡¥∏‡µÅ‡¥∞‡¥æ‡¥ú‡µç
#surajvenjaramoodu #veeradheerasooran 

About:

Filmibeat Malayalam is an online portal that brings you the latest entertainment news, Movie Reviews, and Celebrity Interviews in Malayalam.

Subscribe to Filmibeat Malayalam YouTube Channel:

https://www.youtube.com/channel/UCO3BdobW8JkorlgtKTp8NkA/?sub_confirmation=1

Visit Filmibeat Malayalam Website:

https://malayalam.filmibeat.com/

Connect With Filmibeat Malayalam:

Facebook:

https://www.facebook.com/filmibeatmalayalam

Twitter:

https://twitter.com/FilmibeatMa

Instagram:

https://www.instagram.com/filmibeatmalayalam

ùêÖùê®ùê´ ùêåùê®ùê´ùêû ùêÇùêÆùê´ùê´ùêûùêßùê≠ ùêÄùêüùêüùêöùê¢ùê´ùê¨, ùêÄùêÆùê≠ùê®ùê¶ùê®ùê≠ùê¢ùêØùêû, ùêìùêûùêúùê°ùêßùê®ùê•ùê®ùê†ùê≤ ùêïùê¢ùêùùêûùê®ùê¨ ùê¢ùêß ùêåùêöùê•ùêöùê≤ùêöùê•ùêöùê¶:

Oneindia Malayalam:

https://www.youtube.com/c/OneIndiaMalayalam?sub_confirmation=1

DriveSpark Malayalam:

https://www.youtube.com/c/MalayalamDriveSparkOfficial?sub_confirmation=1
~ED.22~HT.24~",2025-03-21T14:15:02Z,UCO3BdobW8JkorlgtKTp8NkA,Filmibeat Malayalam ,24,"['veera dheera sooran', 'veera dheera sooran trailer', 'veera dheera sooran song', 'veera dheera sooran interview', 'veera dheera sooran part 1', 'veera dheera sooran teaser', 'veera dheera sooran movie', 'suraj venjaramoodu comedy', 'suraj venjaramoodu interview', 'suraj venjaramoodu veera dheera sooran', 'vikram', 'vikram movie', 'actor vikram']",PT11M24S,hd,false,232119,2827,0,0,133
ECqGCH1TfLY,j-hope ‚ÄòMONA LISA‚Äô Official MV,"j-hope ‚ÄòMONA LISA‚Äô
üíΩ Listen now: https://jhope.lnk.to/MONALISA

Credits:
Director: Yongseok Choi (Lumpens) 
Assistant Director: Ran Ro (Lumpens)

Production House: NEWYEAR
Executive Producer: Yeonjin Kim 
Producer: Seungwon Lee
Production Assistant: Wonsung Yoon, Minjun Lee, Taein Jung

Director of Photography: Hyunwoo Nam (MOTHER) 
Focus Puller: Eunki Kim
2nd AC: Youngseo Park 
DIT: Minju Yoo
3rd AC: Sangphil Kim

Jimmy Jib Operator: Kim Young Jung 
1st Asst.: Choi Jo Jun
2nd Asst.: Bae Eun Taek 
3rd Asst.: Hong Young Tak

GaÔ¨Äer: Heo Jung Hwan
Lighting Crew: Jo Hoik, Kim Yoon Sik, Kim Taeyang, Son Su Won, Bae Geon Yeol, Ryou Sung Hoon

Production Design: Mu:E
Art Director: Park Jinsil & Kim Bona
Asst. Art Director: Kim Yesol, Kim Dongheui 
Art Team Manager: Heo Ilho
Art Team: Kim Yong, Jong Insun, Yoo Yonghyun, Kwon Dongjin

DI: LUCID COLOUR
Colorist: Wonseok Ko
DI Crew: Dain Kim, Suhyeon Bae, Boram Yeom, Hyewon Hong 
DI Producer: Onew Kim
Manager: Yujin Seo


BIGHIT MUSIC. Rights are reserved selectively in the video. Unauthorized reproduction is a violation of applicable laws. Manufactured by BIGHIT MUSIC, Seoul, Korea.


Connect with BTS:
https://ibighit.com/bts
http://x.com/BTS_bighit
http://x.com/BTS_twt
http://www.facebook.com/bangtan.official
https://www.youtube.com/user/BANGTANTV
http://instagram.com/BTS.bighitofficial
https://www.tiktok.com/@bts_official_bighit
https://weverse.onelink.me/qt3S/94808190
https://www.weibo.com/BTSbighit
http://btsblog.ibighit.com

#jhope #Ï†úÏù¥Ìôâ #jhope_MONALISA",2025-03-21T03:59:08Z,UC3IZKseVpdzPSBaWxBxundA,HYBE LABELS,10,"['HYBE', 'HYBE LABELS', 'ÌïòÏù¥Î∏å', 'ÌïòÏù¥Î∏åÎ†àÏù¥Î∏îÏ¶à', 'Ï†úÏù¥Ìôâ Î™®ÎÇòÎ¶¨Ïûê', 'jhope', 'jhope monalisa', 'jhope mona lisa']",PT2M45S,hd,true,4220330,893114,0,0,85661
mcotfYMUFuE,Jhatukliya Jeevan | EP 01 | Indian middle class family !,"Download Probo Now and Earn Real Cash - https://probo-in.onelink.me/1kre/HardtoonzYT1 
---------------------------------------------------------------------------------------------------------------------

üìß **Collaborations & Business Inquiries:**  
Reach us at: hardtoonzpromo@gmail.com

üîî **Stay Updated!**  
Subscribe to Hows Hardy for Shorts:   @Herohardy 
Instagram: https://www.instagram.com/hardto0nz/",2025-03-20T09:28:36Z,UCIPqzmQYnE2HyZyLkoCJ3Iw,HardToonz,1,"['hardtoonz', 'hardtoonz channel', 'hardtoonz family', 'indian parents', 'Middle class family', 'funny storytelling', 'funny animated storytime', 'hows hardy']",PT11M58S,hd,false,1596375,96583,0,0,7833
ckc6M73bfXI,ELLAYYA BAVA ESO DJ FULL SONG | NEW DJ SONGS | 2025 LATEST FOLK SONG | JANU LYRI | NANI TV,"ELLAYYA BAVA ESO DJ FULL SONG | NEW DJ SONGS | 2025 LATEST FOLK SONG | JANU LYRI | NANI TV

Producer - Direction : Simhadri Durgam
Singer : Adhimalla Giramma
Chorus : Sandhya Dhana
Music: Raju Mal 
Cast : Janu lyri
Dop editing di : Arun kolguri
Choreographer: Rajesh Paindla
Dj : Mahesh chintalpuri
Production manager : Sudheer Dudapaka
art Deportment : Win Team
Makup : Vidya

Special Thanks : Kanagarthi Village (Vemulawada)

#ellayyabava
#ellayyabavafullsong
#ellayyabavadjsong
#ellayyabavaeso
#djsongs 
#ellayyabavaellayyabava
#janu
#janulyri
#janulyridjsongs
#janulyrifolksongs
#janulyrisongs
#singergiramma
#ellayyabavaesoohoo
#singergirammasongs
#djremix 
#ellayyabavaesosong 
#newdjsongs2025
#newdjsongstelugu
#djsongstelugu
#folksongs
#ellayya
#eso 
#djsong 
#folk 
#djsongs 
#trending 
#trendingdjsong 
#viraldjsongs
#instagram 
#folksong 
#ellayyabavafolksong 
#ellayyabavafolkdjsong 
#ellayyabavaesoohoosong 
#singergirammasongs
#instragram
#instagramviralsongs
#nanitv
#nanitvdjsongs
#ellayyabavadjmixingsong


ELLAYYA BAVA ESO DJ FULL SONG,ellayya bava,ellayya bava esoo ohoo,ellayya bava folk song,NEW DJ SONGS,2025 LATEST FOLK SONG,JANU LYRI,NANI TV,singer giramma,2025 mass folk song,folk music,telangana folk songs,palle paatalu,folk songs telugu,folk songs 80s 90s,folk songs new,janu lyri dj songs,janu lyri folk songs,janu lyri songs,new dj songs 2025,new dj songs telugu,dj songs telugu,nani tv dj songs,telugu music,folk songs,trending dj song",2025-03-21T10:30:07Z,UCCusxviAKtrO67092eTcZqQ,Nani Tv,10,"['ELLAYYA BAVA ESO DJ FULL SONG', 'ellayya bava', 'ellayya bava esoo ohoo', 'ellayya bava folk song', 'NEW DJ SONGS', '2025 LATEST FOLK SONG', 'JANU LYRI', 'NANI TV', 'singer giramma', '2025 mass folk song', 'folk music', 'telangana folk songs', 'palle paatalu', 'folk songs telugu', 'folk songs 80s 90s', 'folk songs new', 'janu lyri dj songs', 'janu lyri folk songs', 'janu lyri songs', 'new dj songs 2025', 'new dj songs telugu', 'dj songs telugu', 'nani tv dj songs', 'telugu music', 'folk songs', 'trending dj song']",PT4M36S,hd,false,255487,7327,0,0,348
4Q00U2V5Utg,"Meem Se Mohabbat - Episode 28 [CC] 20th Mar 2025 - Sponsored By foodpanda, Master Paints, Skin White","üëâ Subscribe To HUM TV - https://bit.ly/HumTvPK

Meem Se Mohabbat - Episode 28 [CC] 20th Mar 2025 - Sponsored By foodpanda, Master Paints, Skin White [ Dananeer Mobeen & Ahad Raza Mir ] - Momina Duraid Dramas - HUM TV

Digitally Presented By foodpanda 
Digitally Powered By Master Paints 
Digitally Associated By Skin White 

'Meem Se Mohabbat‚Äô revolves around a moving tale that artfully intertwines coincidence and destiny, bringing together two souls who could not be more dissimilar in their essence. In a world brimming with uncertainties, love manifests in the most unforeseen moments, defying the boundaries of logic, past and circumstance.

Writer:Farhat Ishtiaq 
Director:Ali Hassan 
Producer:Momina Duraid Productions 

Cast:
Ahad Raza Mir
Dananeer Mobeen
Zarrar Khan
Khadija Saleem
Faiza Gilani
Tehseen Wajahat
Rabia Rizwan
Zainab Mazhar
Muhammad Hunbal
Naveen Naqvi
Arshad Mahmood
Irfanullah
Neha
Abu Hurairah
Raana Zafar
Touseeq Haider

#meemsemohabbatep28
#dananeermubeen
#ahadrazamir 
#pandapro 
#masterpaints 
#winterkaperfectcompanion 
#mominaduraiddramas 
#talrosh",2025-03-20T16:00:05Z,UCEeEQxm6qc_qaTE7qTV5aLQ,HUM TV,24,"['drama in hindi', 'drama', 'top pakistani drama', 'best pakistani drama', 'pakistani drama 2025 latest episode', 'pakistani drama new', 'pakistani dramas', 'Meem Se Mohabbat ep 28', 'Dananeer', 'Dananeer Mobeen', 'Meem Se Mohabbat Ep 28', 'Meem Se Mohabbat episode 28', 'meem se muhabbat 28', 'meem se', 'muhabbat', 'meem se mohabbat latest', 'meem se mohabat new ep', '‡§™‡§æ‡§ï‡§ø‡§∏‡•ç‡§§‡§æ‡§®‡•Ä ‡§∏‡•Ä‡§∞‡§ø‡§Ø‡§≤', '‡§™‡§æ‡§ï‡§ø‡§∏‡•ç‡§§‡§æ‡§®‡•Ä ‡§°‡•ç‡§∞‡§æ‡§Æ‡§æ', 'momina duraid dramas', 'pakistani drama 2025', '‡¶™‡¶æ‡¶ï‡¶ø‡¶∏‡ßç‡¶§‡¶æ‡¶®‡¶ø ‡¶®‡¶æ‡¶ü‡¶ï', 'watch pakistani drama', 'meem se latest', '#talrosh']",PT33M2S,hd,true,13640332,287155,0,0,7648
fRp2IUaHGfk,‡Æ®‡ÆÆ‡Øç‡ÆÆ ‡Æµ‡ØÄ‡Æü‡Øç‡Æü‡ØÅ ‡Æï‡Æø‡Æü‡Ææ ‡Æµ‡Æø‡Æ∞‡ØÅ‡Æ®‡Øç‡Æ§‡ØÅ..! Muthukumaran | Jackline | Deepak | Namma Oor Thiruvizha Episode 2,#muthukumaran #muthukumaranbiggboss #vjvasanthmuthukumaran #vjvasanth #vjvasanthvlog #jackline #biggbosssofagang #nammaoorthiruvizhaa #rjanandhi #manjari,2025-03-20T11:51:22Z,UC8mfp2oMED6_AERJNmkoTjA,Muthukumaran ,24,"['vijay tv promo', 'galatta muthu kumaran', 'muthukumaran', 'ss music muthukumaran', 'muthukumaran bigg boss', 'bigg boss muthukumaran', 'muthukumaran biography', 'bb muthukumaran', 'bb 8 muthukumaran', 'muthukumaran story', 'muthukumaran speech', 'bigboss muthukumaran', 'muthukumaran real life', 'muthukumaran interview', 'muthukumaran life story', 'muthukumaran kutty story', 'muthukumaran jegatheesan', 'bigg boss muthukumaran age', 'muthukumar channel', 'muthukumaran sontha oor', 'muthukumaran sontha oor thiruvizha']",PT16M47S,hd,false,613372,21939,0,0,913
MgTKryiHAdQ,I Became the RICHEST VILLAGER in Minecraft,"So Today, I Became the RICHEST Villager in Minecraft... but how? well, I found a secret Emerald Portal which led me to the World of EMERALDS! 

Thanks @PSD1 and @deopboii  for the cameo!

SUBSCRIBE if you enjoyed :)

FOLLOW ME:
Instagram - https://www.instagram.com/proboiz_95
Twitter - https://twitter.com/proboiz95

Business Inquiry - proboizofficial@gmail.com

About me: I am Paresh, Aka ProBoiz and I make gaming videos that will surely make your day! So if you enjoyed watching this videos then SMASH that Like button :D",2025-03-19T14:30:42Z,UCSncGB_s0tuWN-4l-58mmvQ,ProBoiz 95,20,"['minecraft', 'minecraft richest villager', 'rich minecraft', 'i became the richest villager in minecraft', 'the life of a villager in minecraft', 'birth to death of villager in minecraft', 'emerald portal minecraft', 'proboiz', 'proboiz 95']",PT27M31S,hd,false,2341944,74397,0,0,5743
Xa2ABzgezgQ,L2E Empuraan | Trailer Reaction| Mohanlal | Prithviraj Sukumaran  | Malayalam,,2025-03-20T04:19:52Z,UCNhaliLwhGH9wX3pe9bFTbA,LifeofShazzam,24,[],PT6M58S,hd,false,1292932,78481,0,0,2112
Htbq6hRXtpg,#Thugsters First Single Coming Soon - Thug Life | Kamal Haasan | Mani Ratnam | A.R. Rahman | RKFI,"#Thugsters First Single Coming Soon - Thug Life  | Kamal Haasan Presents | A Mani Ratnam Film | An A.R. Rahman Musical | RKFI

#Thuglife Worldwide Theatrical Release On June 5, 2025.

Kamal Haasan Presents
A Mani Ratnam Film
Thug Life
An A.R. Rahman Musical

Movie Credits:
Banner: Raaj Kamal Films International, Madras Talkies & Red Giant Movies
Cast: Kamal Haasan, Silambarasan TR, Trisha, Ashok Selvan, Aishwarya Lekshmi, Joju George, Abhirami and Nasser
Director of Photography: Ravi K. Chandran
Editor: Sreekar Prasad
Action: Anbariv
Production Designer: Sharmishta Roy
Choreography: Kruti Mahesh Midya
Costume Designer: Eka Lakhani 
Mr.Kamal Haasan‚Äôs Costume Designer: Amirtha Ram
Mr.Kamal Haasan‚Äôs Hair & Make up: Akihito
Hair & Makeup: Ranjith Ambady
VFX Supervisor: H. Monesh
DI Colorist: Ashirwad Hadkar 
Sound Designer: Anand Krishnamoorthi 
Stills: M. Anandan 
Publicity Designer: Gopi Prasannaa
Title Animation: Venky
Promo Editor: E.Sangathamizhan

Chief Associate Directors: Dhana & Karan Vishwanath Kashyap
Creative Producers: Shaad Ali & Bejoy Nambiar
Executive Producers: B. Chintu Mohapatra & Barani S
C.M.O: S. Disney

Written by: Mani Ratnam & Kamal Haasan
Produced by: Kamal Haasan, Mani Ratnam, R. Mahendran & Siva Ananth
Directed by: Mani Ratnam

Kamal Haasan Twitter : http://www.twitter.com/iKamalHaasan
Kamal Haasan Facebook : http://www.facebook.com/iKamalHaasan

Subscribe - http://bit.ly/1yXII8Z

#KamalHaasan #SilambarasanTR #ManiRatnamFilm #ARRahman",2025-03-21T12:27:48Z,UC_gXhnzeF5_XIFn4gx_bocg,Raaj Kamal Films International,22,"['Thugsters first single', 'Thug Life movie songs', 'Thug Life Kamal Haasan', 'Kamal Haasan Thug Life', 'Mani Ratnam Thug Life', 'A.R. Rahman Thug Life', 'RKFI Thug Life', 'Thug Life first single', 'Tamil movie songs 2025', 'latest Tamil songs 2025', 'Kamal Haasan new movie', 'Mani Ratnam Kamal Haasan', 'A.R. Rahman songs 2025', 'Thug Life Tamil songs', 'Thug Life movie updates', 'trending Tamil songs', 'Kollywood songs', 'Tamil film songs']",PT29S,hd,false,439177,18133,0,0,531
Nh8lQYqG2OM,BIG FOUR EMPLOYEES | Gaurav Kapoor | Stand Up Comedy | Audience Interaction,"Hi Guys. In this video, I meet a really fun and interactive group from one of the Big 4 companies. Whole team was very supportive and we all had an amazing time.",2025-03-21T06:08:11Z,UCeP5_FL11TnvXuvrFvALJyA,Gaurav Kapoor,23,"['gaurav kapoor comedy', 'gaurav kapoor comedy video', 'stand up comedy', 'hindi stand up comedy', 'indian stand up comedy', 'new indian stand up comedy', 'big four jokes', 'big four companies']",PT5M47S,hd,false,745464,26249,0,0,316
ZcOd0Tv0guI,Sunita Williams Return | ‡Æö‡ØÅ‡Æ©‡Æø‡Æ§‡Ææ ‡Æ™‡ØÇ‡ÆÆ‡Æø‡ÆØ‡Øà ‡ÆÖ‡Æü‡Øà‡Æ®‡Øç‡Æ§ '‡Æ§‡Æø‡Æï‡Øç ‡Æ§‡Æø‡Æï‡Øç' ‡Æ®‡Æø‡ÆÆ‡Æø‡Æü‡Æô‡Øç‡Æï‡Æ≥‡Øç | Crew 9 Splashdown,"Let me explain with nandhini | Sunita Williams return to Earth | sunita williams return | sunita williams return Video | sunita williams return news | sunita williams homecoming

#SunitaWilliams
#NASA
#SunitaWilliamsReturn 
#ISS



Join Telegram: https://t.me/oneindia_tamil
To Subscribe Oneindia Arasiyal - https://www.youtube.com/@OneindiaArasiyal
Oneindia Howzat Facebook : https://www.facebook.com/oneindiahowzat
Oneindia Infinity Facebook : https://www.facebook.com/oneindiainfinity

Like and Follow us on: 
Facebook : https://www.facebook.com/oneindiatamilvideos 
Twitter      : https://twitter.com/thatsTamil
Instagram: https://www.instagram.com/oneindiatamilofficial


~PR.54~ED.71~HT.74~##~",2025-03-19T04:03:06Z,UCpZBvTbjam0yTrD4HUUWTZw,Oneindia Tamil,25,"['oneindia tamil', 'oneindia tamil news', 'oneindia news', 'one india tamil', 'oneindia news channel', 'oneindia tamil channel', 'oneindia', 'oneindia tamil news today', 'OneindiaTamil', 'sunitha williams', 'nasa', 'iss', 'international space station', 'international space station news', 'sunitha williams history tamil', 'nasa news in tamil', 'sunita williams in space live', 'sunitha williams tamil', 'sunitha williams tamil video', 'sunitha williams iss']",PT6M25S,hd,false,669061,6902,0,0,284
kuK9lZmIweg,IFTAR PARTY KI PLANING | Chande Ka Collection | Heart Touching Video | Ramadan Special | Team Work,"Hello everyone,
Shehbaaz khan is back with another Ramadan Special video ( IFTAR KI PLANNING ) 

The concept of this video is completely different from other concepts as this will make u all laugh, entertain but at the end this will also make u emotional with its heart touching message..
All the characters are amazing specially the ( Kiraak Khala )..

Don‚Äôt forget to watch the video with ur family & friends till the end ..
Do like comment share & subscribe to our youtube channel..

Shehbaazkhan Entertainments 
Thankyou all for always showering ur love & support to our videos..


Concept & Script by : Shehbaaz Khan 

Direction : Sajjad Hussain 

Edit by : Shehbaaz khan 

D.O.P : Ramprakash 

Artist : Shehbaaz Khan, Salman Shaik, Amer Bin Sayeed, Sohail Khan, Azhar Perfect, Nadeem Khan, Mohammed Ayaz, Majid Sharfi, Ibraheem, Kiraak Khala, Ansar, 

Production Manager : Mohammed Ayaz ( Sheru Bhai )

Supporting Team : Abrar Sharfi, Amer Model, Mohammed Ibraheem, Ansar 




#iftaar #party #ramadan #special #youtube  #video #hyderabadi #comedy #funny #videos #shehbaazkhan #team 

Subscribe for more funny videos:
https://www.youtube.com/c/shehbaazkhan?sub_confirmation=1

Like on Facebook: https://bit.ly/2ods8oZ

Follow on Instagram: https://bit.ly/2nooc4V

Email - ayankhan.ak157@gmail.com",2025-03-21T09:32:22Z,UC1awS02LXzIYVqlXAh5oqRw,Shehbaaz khan ,24,"['iaftaar party', 'iftar party', 'iftari', 'iftar', 'iftar 2025', 'dawaat', 'dawat e iftar', 'party', 'new', 'latest', 'trend', 'trending', 'noor bhai', 'shehbaaz khan', 'khala', 'kiraak khala', 'ranadan', 'ranzam', 'ramazan', 'new video', 'ajju bhai', 'ajju almari', 'shabaz', 'team', 'shabaz khan', 'kiraak', 'kiraak hyderabadiz', 'biggest iftar party', 'iftar party video', 'salman', 'shahrukh', 'hyderabad', 'hyderabadi', 'comedy', 'funny', 'fun', 'comedy videos', 'trending videos', 'latest comedy', 'new comedy', 'ramzan videos', 'indian', 'india', 'indian videos', 'hindi', 'hindi comedy']",PT13M49S,hd,false,144721,7188,0,0,247
684A0o66Bbc,"I asked Random Strangers to Rent Me for Weird Jobs at Rs 1,000üò±","Buy fokus - https://www.fokus.shop

Follow me on Instagram for updates ‚ûû  https://instagram.com/fukra_insaan?igshid=jytojomgh8j4

Join my discord server ‚ûûhttps://discord.gg/Es7PVh4BAK

My second youtube channel ‚ûû https://youtube.com/channel/UCi5kSELjaJWmnBKPXkTcxsA

My twitter ‚ûû https://twitter.com/AbhishekMalhan4?s=09

Edited by -https://www.instagram.com/shubhi_smilemore/?hl=en",2025-03-19T08:35:13Z,UClfos9f7uDdoun8ZyE9jYFg,Fukra Insaan,24,"['fukra insaan', 'triggered insaan', 'wanderers hub', 'fukra insaan live', 'malhan family']",PT20M59S,hd,false,2329591,233305,0,0,7431
Rn0omo-x9uw,"Sikandar Naache | Sikandar | Salman Khan & Rashmika Mandanna | JAM8, Amit Mishra, AKASA, Siddhaant M","üëâüèª SUBSCRIBE to Zee Music Company - https://bit.ly/ZeeMusicCo 

This beat, this vibe‚Ä¶ absolutely unmissable! üíÉüèª‚ú® Join the groove with Sikandar üî•

To Stream & Download Full Song: 
Spotify - https://spoti.fi/4iCvWGB
JioSaavn - https://bit.ly/4hlzr2Z
Gaana - https://bit.ly/3FzcQCJ
iTunes - https://apple.co/4iCvAQh
Apple Music - https://apple.co/4iCvAQh
Amazon Prime Music - https://amzn.to/4iCvMit
Hungama - https://bit.ly/4iCvRmh
YouTube Music - https://bit.ly/3DOdg7O

Produced by: Sajid Nadiadwala 
Directed by: A.R. Murugadoss
Star Cast: Salman Khan, Rashmika Mandanna, Sathyaraj

Song: Sikandar Naache
Movie: Sikandar
Music: JAM8
Mukhda & Riff Composed by: Siddhaant Miishhraa
Lyrics: Sameer Anjaan
Singers: Amit Mishra, AKASA & Siddhaant Miishhraa
Director of Choreography: Ahmed Khan
Music Arrangers & Programmers: Meghdeep Bose & Khush Jaggi
Mix & Mastered: Eric Pillai at Future Sound of Bombay
Antara Composed by: Aheer
Chief Engineer: Ashwin Kulkarni
Shootmix: Pranav Gupta
Music Production Managers: Anurag Sharma & Brianna Supriyo
Studio Manager: Mithila Lad Nayak
Sound Engineers: Pranav Gupta, Aniruddh Anantha & Dev Arijit
Vocal Conductors & Backing Vocals Design: Dev Arijit & Aniruddh Anantha
Studio Assistants: Jaibir Singh, Ameya Dayal & Khush Jaggi
Mixing Assistant to Eric: Micheal Edwin Pillai

#sikandar 

Music on Zee Music Company

Connect with us on :
Snapchat - https://bit.ly/3UIfICJ
Twitter - https://www.twitter.com/ZeeMusicCompany
Facebook - https://www.facebook.com/zeemusiccompany
Instagram - https://www.instagram.com/zeemusiccompany
YouTube - http://bit.ly/TYZMC",2025-03-18T07:41:02Z,UCFFbwnve3yF62-tVXkTyHqg,Zee Music Company,10,"['sikandar naache song', 'sikandar nache nache', 'sikandar naache', 'mast malanga naach', 'sikander nache', 'sikander movie', 'sikandar movie', 'salman khan songs', 'salman khan new movie', 'salman khan new movie song', 'rashmika mandanna songs', 'pritam songs', 'amit mishra new songs', 'akasa new songs', 'sikandar movie song', 'latest hindi songs', 'new hindi songs', 'bollywood dance songs', 'new bollywood songs', 'bollywood hits', 'latest dance song', 'new romantic songs', 'new dance songs', 'rashmika new song']",PT3M5S,hd,false,38423033,456258,0,0,35745
he1KGC9dkeE,Full Squad Unveil at RCB Unbox 2025 | Rajat‚Äôs First Speech as Captain at Bengaluru | IPL 2025,"ùêáùêûùê†ùê¢ùêùùêûùêûùê´ùêö, ùüèùüêùê≠ùê° ùêåùêöùêß ùêÄùê´ùê¶ùê≤ ‚òÄÔ∏è

This moment from #RCBUnbox when the squad was unveiled, will be remembered for a very long time! ‚ù§Ô∏è‚Äçüî•

Comment below to wish them luck for the season  üôè

#PlayBold #‡≤®‡≤Æ‡≥ç‡≤ÆRCB #RCBUnbox",2025-03-18T01:57:27Z,UCCq1xDJMBRF61kiOgU90_kw,Royal Challengers Bengaluru,17,[],PT14M26S,hd,false,6992583,303985,0,0,13558
TvXJVTrmFIg,OUR BABY DESERVES RESPECTFUL GOOD BYE | CHERRY‚Äôs LAST RITESüôè,"Enroll in India's first Vlogging Course - Designed by Sambhavna & Avinash
https://www.schoolofsambhavi.com/courses/Master-the-Art-of-Vlogging-63369b97e4b0e9a72c34f008


For any queries or feedback please mail us to sambhavnasethentertainment@gmail.com

Gears we use for vlogging :-
Canon 80d camera - https://amzn.to/3cfyBGb
Canon 80d extra battery  - https://amzn.to/3uQNOnv
Canon 80d extra charger-  https://amzn.to/3ifFT0G
Best vlogging lens for Canon 80d  - https://amzn.to/3vOxXaD
Canon 80d Lens for cinematic shots - https://amzn.to/3iap4nP
Best vlogging camera Canon G7x iii - https://amzn.to/2S9W5pk 
Extra battery for Canon G7x iii - https://amzn.to/3petYkY
Extra charger for Canon G7x iii - https://amzn.to/3uPfZ6m
Sony Vlogging camera - https://amzn.to/3g785jn
Vlogging mic - https://amzn.to/3ceKEUi
Collar mic - https://amzn.to/3cepZQp
Sandisk memory card 128gb - https://amzn.to/34Lb63E
Gorilla tripod for G7x iii and Phone - https://amzn.to/3ySxwOt
Gorilla tripod for Canon 80d - https://amzn.to/34JZa24
Macbook air - https://amzn.to/3glunyj
Iphone 12 pro max for slow motion - https://amzn.to/2STtKUe
Ring light - https://amzn.to/3fKL3ju



Follow me on :- 
YouTube :- http://bit.ly/SambhavnaSethEntertainment
FacebooK :- https://www.facebook.com/ImSambhavnaSeth
Twitter :- https://twitter.com/sambhavnaseth
Instagram :- https://www.instagram.com/sambhavnasethofficial

Follow AVINASH:-
Instagram - https://www.instagram.com/imavinashdwivedi
Youtube - https://www.youtube.com/c/avinashdwivediartist

Music by Peyruis : https://youtube.com/@Peyruismusic
or
Music by Peyruis : https://soundcloud.com/peyruis",2025-03-21T07:19:45Z,UChZ0JmGgyOWSU-1iXxPhsVA,Sambhavna Seth Entertainment,22,"['sambhavnaseth', 'ss vlogs', 'hindi vlogger', 'celebrity vlogger', 'indian vlogger', 'bigg boss', 'bigg boss contestant', 'husband wife vlogs', 'funny vlogs', 'food vlogger', 'lifestyle vlogger', 'husband wife challenge', 'travel vlogger']",PT19M16S,hd,false,830625,52110,0,0,4926
Lf7cps0kR48,"#Video | ‡§≠‡§§‡§æ‡§∞ ‡§ï‡§∞‡§ø‡§Ø‡§æ | #Aashish Yadav, #Khushi Kakkar | Bhatar Kariya | New #Magahi Song | #WaveMusic","Subscribe ‡§ï‡§∞‡§®‡•á ‡§ï‡•á ‡§≤‡§ø‡§è ‡§ï‡•ç‡§≤‡§ø‡§ï ‡§ï‡§∞‡•á‡§Ç üëâ - http://goo.gl/ip2lbk

‡§Ü‡§™ ‡§∏‡§¨ ‡§á‡§∏ ‡§ó‡§æ‡§®‡•á ‡§ï‡§æ Reels ‡§¨‡§®‡§æ‡§è - Make Your Reels :- https://www.instagram.com/reels/audio/1167416411436831/

‚ñ∫Song - Bhatar Kariya
‚ñ∫Singer - Aashish Yadav, Khushi Kakakr
‚ñ∫Feat - Pooja Pandit
‚ñ∫Lyrics - Chintu Raja
‚ñ∫Music Director - Pappu Bhai
‚ñ∫Mixing & Mastering - Nandan Yadav
‚ñ∫Video Director - Kaushal Babua
‚ñ∫Company/ Label - Wave Music 
‚ñ∫Digital Marketing - Lokdhun 
‚ñ∫Whatsapp - 9718776677
‚ñ∫VG - 40492

‚ô™ Spotify : https://open.spotify.com/album/4FeZjgXnvCq4ItdmltpBiR?si=8x2cGIK8RZeQfFaXvJK41A
‚ô™ Spotify Playlist : https://open.spotify.com/user/31wrrqxq4vi7pg57rnkxcna4tcqu
‚ô™ Instagram Reels : https://www.instagram.com/reels/audio/1167416411436831/
‚ô™ Gaana : 
‚ô™ Jio Saavn : https://www.jiosaavn.com/album/bhatar-kariya/tSQWEw5KnU8_
‚ô™ Apple Music : https://music.apple.com/us/album/bhatar-kariya-single/1803384486
‚ô™ Amazon Prime Music : https://music.amazon.com/albums/B0F22C1PHM
‚ô™ YouTube Music : https://music.youtube.com/watch?v=Lf7cps0kR48&si=5MZBswvKEp9DHbl1
‚ô™ Hungama : 

Connected with us !
üëâ Follow us on Instagram :- https://www.instagram.com/wavemusic/
üëâ Like us on Facebook :- https://www.facebook.com/WaveMusicIndiaofficial
üëâJoin Us on Whtsapp :- https://whatsapp.com/channel/0029VacuoR1GpLHNjsDWYd2R
üëâ Follow us on X ( Twitter ) :- https://x.com/WaveMusicWM?t=kKhpZOhFiLqswaThplIGBg&s=08

Lyrics - 

‡§Æ‡•Å‡§ñ‡§°‡§º‡§æ

‡§≤‡§°‡§º‡§ï‡•Ä

‡§™‡§æ‡§™‡§æ ‡§∏‡§∞‡§ï‡§æ‡§∞‡•Ä ‡§¶‡•Å‡§≤‡•ç‡§π‡§æ ‡§ñ‡•ã‡§ú‡§≤‡•á ‡§π‡•à ‡§ú‡§¨‡•á ‡§∏‡•á
‡§ï‡•à‡§∏‡•á ‡§π‡•ã‡§§‡•á ‡§¶‡•á‡§ñ‡•á ‡§Æ‡•á‡§Ç ‡§ö‡§ø‡§Ç‡§§‡§æ ‡§Æ‡•á‡§Ç ‡§π‡§ø‡§Ø‡•á ‡§§‡§¨‡•á ‡§∏‡•á

‡§≤‡§º‡§°‡§ï‡§æ

‡§®‡•å‡§ï‡§∞‡§ø‡§Ø‡§æ‡§Ç ‡§µ‡§æ‡§≤‡§æ ‡§¶‡•Å‡§≤‡•ç‡§π‡§æ ‡§∏‡•å ‡§Æ‡•á‡§Ç ‡§∏‡•á ‡§®‡§¨‡•ç‡§¨‡•á ‡§ï‡•á ‡§≠‡§§‡§æ‡§∞ ‡§ï‡§∞‡§ø‡§Ø‡§æ ‡§Æ‡§ø‡§≤‡•á ‡§õ‡•å‡§°‡§º‡•Ä ‡§∏‡§≠‡•á ‡§ï‡•á 

‡§Ö‡§Ç‡§§‡§∞‡§æ

‡§≤‡§°‡§º‡§ï‡•Ä

‡§™‡§æ‡§™‡§æ ‡§§‡§ø‡§≤‡§ï ‡§¶‡•á‡§≤‡§ï‡•á ‡§¶‡§∂ ‡§≤‡§æ‡§ñ ‡§∞‡•á
‡§ä‡§™‡§∞ ‡§∏‡•á ‡§è‡§ó‡•ã ‡§¨‡•Å‡§≤‡•á‡§ü ‡§ó‡§æ‡§°‡§º‡•Ä ‡§∏‡§æ‡§• ‡§∞‡•á

‡§≤‡§º‡§°‡§ï‡§æ

‡§¶‡•á‡§ñ‡•á ‡§Æ‡•á‡§Ç ‡§õ‡•å‡§°‡§º‡•Ä ‡§≤‡§æ‡§ó‡•ã ‡§π‡•Ä ‡§ù‡§ï‡§æ‡§∏ ‡§ó‡•á
‡§ï‡•à‡§∏‡•á ‡§∞‡§π‡§≠‡•Ä ‡§ï‡§æ‡§∞ ‡§¶‡•Å‡§≤‡•ç‡§π‡§æ ‡§ï‡•á ‡§∏‡§æ‡§• ‡§ó‡•á

‡§≤‡§°‡§º‡§ï‡•Ä

‡§ü‡•á‡§Ç‡§∂‡§® ‡§Æ‡•á‡§Ç ‡§∞‡•á ‡§õ‡•å‡§°‡§º‡§æ ‡§π‡§Æ‡§∞‡§æ ‡§°‡§æ‡§≤‡•á ‡§®‡§æ‡§π‡•Ä ‡§Ö‡§¨‡•á ‡§∏‡•á
‡§¶‡•Å‡§≤‡•ç‡§π‡§æ ‡§ï‡•á ‡§´‡•ã‡§ü‡•ã ‡§¶‡•á‡§ñ‡•á‡§≤ ‡§ñ‡•ã‡§ú‡•ã ‡§π‡§ø‡§Ø‡•á ‡§ï‡§¨‡•á ‡§∏‡•á

‡§≤‡§º‡§°‡§ï‡§æ

‡§®‡•å‡§ï‡§∞‡§ø‡§Ø‡§æ‡§Ç ‡§µ‡§æ‡§≤‡§æ ‡§¶‡•Å‡§≤‡•ç‡§π‡§æ ‡§∏‡•å ‡§Æ‡•á‡§Ç ‡§∏‡•á ‡§®‡§¨‡•ç‡§¨‡•á ‡§ï‡•á ‡§≠‡§§‡§æ‡§∞ ‡§ï‡§∞‡§ø‡§Ø‡§æ ‡§Æ‡§ø‡§≤‡•á ‡§õ‡•å‡§°‡§º‡•Ä ‡§∏‡§≠‡•á ‡§ï‡•á

‡§Ö‡§Ç‡§§‡§∞‡§æ

‡§≤‡§°‡§º‡§ï‡•Ä

‡§∂‡§æ‡§¶‡•Ä ‡§ï‡•á ‡§π‡§Æ‡§∞ ‡§Ü‡§ó‡•Å‡§µ‡§æ ‡§π‡•à ‡§ú‡•Ä‡§ú‡§æ
‡§ê‡§§‡•á ‡§™‡§∏‡§®‡•ç‡§¶ ‡§®‡§æ‡§Ø ‡§§ ‡§ï‡§∞‡§µ‡•á ‡§®‡§§‡•Ä‡§ú‡§æ

‡§≤‡§º‡§°‡§ï‡§æ

‡§õ‡•å‡§°‡§º‡•Ä ‡§°‡•Ç‡§µ‡§æ‡§Ø ‡§¶‡•á‡§§‡•ã ‡§§‡•ã‡§∞‡§æ ‡§§‡•ã‡§∞ ‡§ú‡•Ä‡§ú‡§æ
‡§Æ‡§æ‡§ü‡•Ä ‡§Æ‡•á‡§Ç ‡§Æ‡§ø‡§≤ ‡§ú‡•à‡§§‡•ã ‡§ú‡•ã‡§ó‡§≤ ‡§ö‡•Ä‡§ú‡§æ 

‡§≤‡§°‡§º‡§ï‡•Ä

‡§ö‡§ø‡§Ç‡§ü‡•Å ‡§∞‡§æ‡§ú‡§æ ‡§°‡•ã‡§≤‡•Ä ‡§≤‡•á‡§ï‡•á ‡§ê‡§§‡•á ‡§∏‡•Å‡§®‡§≤‡•ã ‡§ú‡§¨‡•á ‡§∏‡•á
‡§¶‡•á‡§ñ‡•á‡§≤‡•á ‡§â‡§Æ‡§æ‡§π‡§≤ ‡§π‡§ø‡§Ø‡•á ‡§Ö‡§∂‡•Ä‡§∑ ‡§∞‡•á ‡§ï‡§¨‡•á ‡§∏‡•á

‡§≤‡§º‡§°‡§ï‡§æ

‡§®‡•å‡§ï‡§∞‡§ø‡§Ø‡§æ‡§Ç ‡§µ‡§æ‡§≤‡§æ ‡§¶‡•Å‡§≤‡•ç‡§π‡§æ ‡§∏‡•å ‡§Æ‡•á‡§Ç ‡§∏‡•á ‡§®‡§¨‡•ç‡§¨‡•á ‡§ï‡•á ‡§≠‡§§‡§æ‡§∞ ‡§ï‡§∞‡§ø‡§Ø‡§æ ‡§Æ‡§ø‡§≤‡•á ‡§õ‡•å‡§°‡§º‡•Ä ‡§∏‡§≠‡•á ‡§ï‡•á",2025-03-21T01:30:19Z,UC22nIfOTM7KLIQuFGMKzQbg,Wave Music,10,"['ashish yadav ka gana new', 'ashish yadav new song', 'ashish yadav ka new song', 'aashish yadav new song', 'aashish yadav khortha song', 'ashish yadav new khortha song', 'aashish yadav jhumta song', 'aashish yadav ka video gana', 'khushi kakkar bhojpuri song', 'khushi kakkar new magahi song', 'new magahi song 2025', 'pooja pandit magahi video song', 'raushan rohi new song', 'wave music', 'ashish yadav ka gana', 'aashish yadav ka new song', 'aashish yadav maghi song', 'ashish yadav ka song', 'ashish yadav song']",PT4M5S,hd,false,348564,12599,0,0,503
gSYt0W5msGU,WATERMELON JELLY | Fresh Colorful Fruit Jelly Recipe Making in Village | Agar Agar Jelly Cooking,"This video showcases the making of a healthy, fresh, and natural fruit jelly using a variety of colorful fruits, sugar, and agar agar. The combination of fresh fruits adds natural sweetness and a delightful texture, while agar agar helps create a perfect jelly consistency. This refreshing dessert is not only visually stunning but also a light and healthy treat, made using simple ingredients without any artificial additives. Watch the entire process as we prepare, set, and slice this beautiful jelly, bringing out the flavors of nature‚Äôs best ingredients in a traditional village-style preparation.",2025-03-18T14:12:45Z,UCk3JZr7eS3pg5AGEvBdEvFg,Village Cooking Channel,26,"['watermelon', 'watermelon jelly', 'fruit jelly', 'agar agar recipe', 'watermelon juice', 'jelly recipe']",PT12M12S,hd,false,5277577,120253,0,0,3342
MCH0LwE3gYI,üíç‡¥ö‡¥ø‡¥ï‡µç‡¥ï‡µÅ‡¥µ‡¥ø‡¥®‡µç‡¥±‡µÜ ‡¥ï‡¥≤‡µç‡¥Ø‡¥æ‡¥£ ‡¥®‡¥ø‡¥∂‡µç‡¥ö‡¥Ø‡¥Ç? üíûChikkusdine engagement,"#engagement 
#marriage 
#chikkusdine 
Ep.#727
Please visit http://www.youtube.com/c/ChikkusDine
email:- chikkusdinemail@gmail.com
facebook: ""https://www.facebook.com/chikkusdine/""
facebook group : ""chikkusdine family"" https://www.facebook.com/groups/694727291146561/
Instagram:- https://www.instagram.com/_chikkusdine_/
Curls of Chikku üëâ https://youtu.be/gtwQNycjY_I
Instagram - https://www.instagram.com/sreelakshmi_s_raj/

Baking classes üëâ https://youtube.com/playlist?list=PLgppDSF8AFR_I6l5JP8lDEZGoOvXUH-8y
For perfect whipping cream üëâ https://youtu.be/Gj4haEFTa7o

My cake recipes especially for U
 Black forest cake - https://youtu.be/lKoiwliIi9w
 Spanish Delight Cake - https://youtu.be/S_wBLP1lp9k 
 White Forest cake - https://youtu.be/gZpQBmncK5A
 Death by Chocolate - https://youtu.be/6eKFHfbDD7w
 Dates cake - https://youtu.be/cQzPmt6v2YE
 Tiramisu cake - https://youtu.be/-LKU8t7Urco
 Lemon cake - https://youtu.be/pGjheiG7qPU
 Choco nuts cake - https://youtu.be/nZryvtrS8Mw
 Palada payasam cake - https://youtu.be/YTtXwQTvGLY
 Kulfi cake - https://youtu.be/wHfmJr97DDI
 Gulab jamun cake - https://youtu.be/srQNQtWWp5Q
  Pinata cake - https://youtu.be/XcpHgsDr4OU
 Pull me up doll cake - https://youtu.be/26mNgBK0Hgw
 Photo print cake - https://youtu.be/mHcp-NhcKYY
 Grape Cake - https://youtu.be/2BZN3hX7nAU
 Juan's rainbow cake - https://youtu.be/bfb6xJWfJ3Q
 Neapolitan cake  - https://youtu.be/Y8RmhuESirk
 Caramel cake - https://youtu.be/ITBnKeSakHw
 ChocoVelvet cake - https://youtu.be/g6EuGO0lbzk
  Honey cake - https://youtu.be/L34EBgxLNF0
 Coffee cake - https://youtu.be/cAKjjRUs6j0
 X'mas Cake - https://youtu.be/8MfGsMGXz84
 Carrot Cake - https://youtu.be/aNoLCENpjhc
 Orange cake - https://youtu.be/oKiWCNR35H8
 Chocolate Overload cake - https://youtu.be/7AQOrwipntA
 Blue velvet cake - https://youtu.be/b4zp5WQRJIU
 Thonnal cake - https://youtu.be/NWXGVrkQxuo
 
 Strawberry cake - https://youtu.be/NifLLPQwFjI
 Ferrero Rocher cake - https://youtu.be/17JS7etqA5g
 Plum cake - https://youtu.be/Hl281Ie73z8 
 Rasmalai Cake - https://youtu.be/ZxAicYXz6dU
 Chocolate TresLeches Cake - https://youtu.be/vQAVKgvKX_Q
 Blueberry cake - https://youtu.be/4GzWyAj4YMw
 German black forest cake - https://youtu.be/eezMtkOfmo0
 Vanilla Cake Recipe - https://youtu.be/HquUUbnFCAo 
Tender Coconut Cake - https://youtu.be/cIczSa_k1kw
  Jar Cake - https://youtu.be/bFNoqiaK_1s
 Nutty Bubble Cake - https://youtu.be/wY6dJzVyeOs
 Pistachio cake - https://youtu.be/akviEKasw3U
 Doll cake - https://youtu.be/zotnVfeS26c
 Cake baking tips and tricks - https://youtu.be/8ytoxYfQdKw
 Black forest cake - https://youtu.be/H5IDjZpcQqU
 Red Velvet Cake - https://youtu.be/dWI9K5Db4uo
 Chocolate Cake - https://youtu.be/OTs2vOWFv30
 Butterscotch Cake - https://youtu.be/MnQPXGMn_NU
 Plum cake : https://youtu.be/f78evNAOEgM
 Carrot Dates cake - https://youtu.be/pkRA8Hsy17g
 Chocolate Ice cream - https://youtu.be/Dl_nF0mNoPY
 Red Bee Cake - https://youtu.be/yFaJ7TuxY8U
 Vancho Cake Two Tier - https://youtu.be/rFwGVeYxKDs
 Banana Cake - https://youtu.be/lN3-XVwis-Y
  Mango Cake - https://youtu.be/JNRQ3MkSk_w
  Tres Leches Cake - https://youtu.be/lDj17v6aekI

Amazon link
------------------
Morphy Richards OTG 60- https://amzn.to/3tcsGse
Sujata mixi - https://amzn.to/3aV5vf6
Philips Beater - https://amzn.to/31oJa1r

Stainless Steel Cake Turn Table - https://amzn.to/3xEk0wi
Non-stick Fry pan - https://amzn.to/39H5Bp6
Kadhai - https://amzn.to/3ggKcHw
Steel kadhai - https://amzn.to/3zkwIls
Measuring cup and Spoon - https://amzn.to/3kD7wlz
Oil bottle - https://amzn.to/3unE4CL
Silicon Spatula set - https://amzn.to/3GUao5Y
Golden Cake knife - https://amzn.to/3oCoVuZ
Icing Bag - https://amzn.to/2D8GCyd
Baking Tray - https://amzn.to/303OPga
Glass mixing bowl - https://amzn.to/32mA0FZ
Silicon Mat - https://amzn.to/2KNdP5R
Cake baking set  - https://amzn.to/3A5IjnR

Olive oil - https://amzn.to/3x4910i
Instant Dry Yeast - https://amzn.to/3bz88CF
Lion Dates - https://amzn.to/3BEuayt
Oregano - https://amzn.to/3hxBgOJ
Whipping powder - https://amzn.to/3mJYdyB
Cocoa Dark Compound - https://amzn.to/2pxLvdc
White compound - https://amzn.to/35zmG3i
Baking powder - https://amzn.to/3xaGlm9
Baking soda - https://amzn.to/3nByr1V",2025-03-21T04:30:09Z,UCBzDIK7QdG5VcUFhlvt337Q,Chikkus Dine,26,"['chikkus dine', 'chikkoos', 'chikusdine', 'cooking', 'keralastyle', 'chikkusdine', 'attukal amma']",PT8M23S,hd,false,154098,4589,0,0,680
w3oHInxHL-o,Mahanadhi | 21st March 2025 - Promo,‡ÆÆ‡Æï‡Ææ‡Æ®‡Æ§‡Æø - ‡Æ§‡Æø‡Æô‡Øç‡Æï‡Æ≥‡Øç ‡ÆÆ‡ØÅ‡Æ§‡Æ≤‡Øç ‡Æµ‡ØÜ‡Æ≥‡Øç‡Æ≥‡Æø ‡ÆÆ‡Ææ‡Æ≤‡Øà  6.30 ‡ÆÆ‡Æ£‡Æø‡Æï‡Øç‡Æï‡ØÅ ‡Æ®‡ÆÆ‡Øç‡ÆÆ ‡Æµ‡Æø‡Æú‡ÆØ‡Øç ‡Æü‡Æø‡Æµ‡Æø‡Æ≤.... #Mahanadhi Click here https://www.hotstar.com/in/shows/mahanadhi/1260128361 to watch the show on Disney+ Hotstar..  #VijayTelevision #VijayTV,2025-03-21T07:01:11Z,UCvrhwpnp2DHYQ1CbXby9ypQ,Vijay Television,24,"['Mahanadhi', 'Star', 'Star Vijay TV', 'Vijay TV', 'Vijay', '‡Æ§‡ÆÆ‡Æø‡Æ¥‡Øç', '‡Æµ‡Æø‡Æú‡ÆØ‡Øç', '‡Æü‡Æø‡Æµ‡Æø', '‡Æ§‡Øä‡Æ≤‡Øà‡Æï‡Øç‡Æï‡Ææ‡Æü‡Øç‡Æö‡Æø', 'Tamil TV', 'Tamil Shows']",PT52S,hd,false,1663030,29786,0,0,252
d2h-9a3NRwI,The MAD Boys are Back | MAD Square Movie Team | Anudeep KV | Watch Full Episode on ETV Win,"#sumaadda #gameshow #telugushow #etvshow #etvtelugu #etvwin #sumakanakala #entertainment #entertainmentshow #mad #madsquare #anudeep 

To watch your ETV all channel‚Äôs programmes any where any time Download ETV Win App for both Android & IOS: https://f66tr.app.goo.gl/apps

‚ñ∫Visit Website : http://etv.co.in
‚ñ∫ Like us on Facebook : https://www.facebook.com/etvwin
‚ñ∫ Follow us on Instagram : https://www.instagram.com/etvwin/
‚ñ∫ Follow us on Twitter : https://twitter.com/etvwin 
‚ñ∫ Visit Website : https://www.etvwin.com/
‚ñ∫ Pin us on Pinterest: https://in.pinterest.com/etv_win/

ETV Telugu(Youtube) - http://bit.ly/2QR0yu9  
ETV Jabardasth(Youtube) - http://bit.ly/35xdqtu
ETV Dhee(Youtube) - http://bit.ly/2Ok8zWF
ETV Plus India(Youtube) - http://bit.ly/2OlEAOg
ETV Abhiruchi(Youtube) - http://bit.ly/2OkEtTb
ETV Life(Youtube) - http://bit.ly/2OiKAY6
ETV Telangana(Youtube) - http://bit.ly/33nRaAK
ETV Andhra Pradesh(Youtube) - http://bit.ly/2OKARZz
ETV Annadata(Youtube) - https://bit.ly/3BeZXXS

ETV Telugu Facebook - http://bit.ly/2L2GYYh
ETV Plus India Facebook - http://bit.ly/2DudC0t
ETV Abhiruchi Facebook - http://bit.ly/2OSrIhv
ETV Life Facebook - http://bit.ly/34tiqzk
ETV Telangana Facebook - http://bit.ly/37GkVQF
ETV Andhra Pradesh Facebook - https://www.facebook.com/ETVAndhraPradesh/
ETV Annadata Facebook - https://bit.ly/3kGnkEb",2025-03-19T11:00:55Z,UCSs9H1cyB3OHdy8wkit8ZKg,etvteluguindia,24,"['suma adda etv show', 'suma adda new show', 'brand new show', 'etv shows', 'etv new shows', 'etv telugu', 'etv win', 'anchor suma', 'suma kanakala', 'anchor suma new shows', 'suma adda latest episode', 'suma adda full episode', 'MAD Square', 'Team-Kalyan Shankar', 'Anudeep KV']",PT5M1S,hd,false,1350837,22082,0,0,160
B5s9VwfzWL0,L2E Empuraan Trailer Reaction by @UnniVlogs | Mohanlal Prithviraj Sukumaran Murali Gopy,"Follow my content on Spotify : https://open.spotify.com/show/2KnEn9sqnxNx39L5kkRpJv

Trailer Link : https://youtu.be/PGqltBCo6cU

#unnivlogs #unnivlogscinephile #unnivlog #unnivlogsreview #Empuraan #Mohanlal #PrithvirajSukumaran #L2E #AashirvadCinemas #SreeGokulamMovies

Support My Channel:
https://www.youtube.com/channel/UC60YvD_EAsoU2lIcQdxwR1Q/join

*************** Gears I Use****************
Main Camera : https://amzn.to/3SeydwO
Main Lens : https://amzn.to/3Lwb998
Secondary Lens : https://amzn.to/3SBf7kP
Additional Lens : https://amzn.to/4bOPpQc
Smarphone Camera : https://amzn.to/3YeFzUZ
Action Camera : https://amzn.to/4f7d01E
Primary Mic : https://amzn.to/3Wr96ct
Wireless Mic : https://amzn.to/4bRftKy
Podcast Mic : https://amzn.to/3Sf3z6x
Soundcard : https://amzn.to/3WrIk3F
External Recorder : https://amzn.to/3SbBtch
Main Light : https://amzn.to/4darGLH
Secondary RGB Light : https://amzn.to/3S9mjV2
Tripod : https://amzn.to/3YrMeLF
3 in 1Gorillapod : https://amzn.to/3WqqNsS

************* Follow me on Social Media ****************
My Website : https://unnivlogs.com/
Facebook : https://www.facebook.com/unnivlog
Twitter : https://twitter.com/unni_narayanan
Blog : https://tastetraveltechwithunni.blogspot.com/
Instagram : https://www.instagram.com/unnivlogsofficial/

Our Tech Channel : https://www.youtube.com/@unnivlogstech

Our Taste & Travel : https://www.youtube.com/@unnivlogstasteandtravel

Our Book Channel : https://www.youtube.com/@unnivlogsbooks",2025-03-19T19:42:14Z,UC60YvD_EAsoU2lIcQdxwR1Q,Unni Vlogs Cinephile,24,"['unni vlogs', 'unnivlogs', 'unnivlog', 'unni vlogs cinephile', 'unni vlogs review', 'unni vlogs worth watch', 'malayalam review', 'Mohanlal', 'Prithviraj Sukumaran', 'Empuraan', 'Empuraan Official Trailer', 'Empuraan Malayalam Trailer', 'Prithviraj Sukumaran Empuraan', 'Tovino Thomas', 'Manju Warrier', 'Tovino Thomas Empuraan', 'empuraan movie', 'Mohanlal empuraan', 'empuraan new trailer', 'empuraan new', 'empuraan trailer reaction', 'empuraan trailer reaction malayalam', 'rempuraan trailer reaction unni vlogs']",PT7M,hd,false,290564,9254,0,0,612
IN8PVZ9TKLU,"Meem Se Mohabbat - Ep 29 Teaser - 20 Mar 25 - Sponsors foodpanda, Master Paints, Skin White  HUM TV","üëâ Subscribe To HUM TV - https://bit.ly/HumTvPK

Meem Se Mohabbat - Ep 29 Teaser - 20 Mar 25 - Sponsors foodpanda, Master Paints, Skin White  HUM TV

Digitally Presented By foodpanda 
Digitally Powered By Master Paints 
Digitally Associated By Skin White 


'Meem Se Muhabbat‚Äô revolves around a moving tale that artfully intertwines coincidence and destiny, bringing together two souls who could not be more dissimilar in their essence. In a world brimming with uncertainties, love manifests in the most unforeseen moments, defying the boundaries of logic, past and circumstance.

Writer:Farhat Ishtiaq 

Director:Ali Hassan 

Producer:Momina Duraid Productions 

Cast:
Ahad Raza Mir
Dananeer Mobeen
Zarrar Khan
Khadija Saleem
Faiza Gilani
Tehseen Wajahat
Rabia Rizwan
Zainab Mazhar
Muhammad Hunbal
Naveen Naqvi
Arshad Mahmood
Irfanullah
Neha
Abu Hurairah
Raana Zafar
Touseeq Haider


#meemsemohabbatep29teaser
#dananeermubeen 
#ahadrazamir 
#pandapro 
#masterpaints 
#winterkaperfectcompanion 
#mominaduraiddramas",2025-03-20T16:30:03Z,UCEeEQxm6qc_qaTE7qTV5aLQ,HUM TV,24,"['drama in hindi', 'drama', 'top pakistani drama', 'best pakistani drama', 'pakistani drama 2025 new', 'pakistani drama 2025 new episode', 'pakistani drama new', 'pakistani dramas', 'Meem Se Mohabbat ep 29', 'Dananeer', 'Dananeer Mobeen', 'Meem Se Mohabbat Ep 29 teaser', 'Meem Se Mohabbat episode 29 Teaser', 'Meem Se Mohabbat Episode 29', 'meem se muhabbat teaser 29', 'meem se', 'muhabbat', 'meem se mohabbat episode 29', 'meem se new ep', '‡§™‡§æ‡§ï‡§ø‡§∏‡•ç‡§§‡§æ‡§®‡•Ä ‡§°‡•ç‡§∞‡§æ‡§Æ‡§æ', '‡§™‡§æ‡§ï‡§ø‡§∏‡•ç‡§§‡§æ‡§®‡•Ä ‡§∏‡•Ä‡§∞‡§ø‡§Ø‡§≤', 'Momina duraid dramas']",PT1M10S,hd,false,6399074,88696,0,0,1775
bOaaMOWGvwU,We Created BUNKER to Survive BLOOD RAIN in Minecraft @ProBoiz95,"Yo Guyss, in this video, @ProBoiz95 and I are going to make a Safety Bunker to Hide from Blood Rain and Survive in Minecraft~! Can We Do it?üî•

Like Aim: 9,500
‚è∫Ô∏èInstagramüîΩ
https://www.instagram.com/junkeyy05/

#minecrafthindi #minecraft #junkeyy",2025-03-19T13:13:57Z,UCJS4UHGP6Q3BI-0ZIGrGXgw,Junkeyy,20,"['blood rain vs bunker', 'surviving blood rain', 'minecraft hindi', 'minecraft funny', 'junkeyy']",PT18M55S,hd,false,1116729,23783,0,0,1465
F2OVaaKzS8A,Badshah - Blessed (Official Video),"BLESSED is not just another track‚Äîit‚Äôs a testament to my journey, proving that every success is a blessing.

#Badshah #Blessed 

Subscribe and click the bell icon to get notified. http://bit.ly/BadshahYT

Audio Credits :
‚ûü Performed By Badshah
‚ûü Lyrics By Badshah
‚ûü Composed By Badshah
‚ûü Music Produced By Hiten & ShenB 
‚ûü Mixed & Mastered By Sunny M.R
‚ûü Harmonies by Sharvi Yadav

Video by B2GETHER PROS

Follow me on :
Instagram : https://www.instagram.com/badboyshah
Facebook : https://www.Facebook.com/OfficialBadshah
Twitter : https://Twitter.com/its_Badshah",2025-03-20T05:30:14Z,UCUQg_UBQfVjptn7Wqcgzz-w,Badshah,10,"['badshah', 'badshah live', 'badshah news songs', 'latest badshah songs', 'Badshah Blessed', 'Blessed by Badshah', 'Badshah new song', 'Blessed', 'Blessed teaser', 'Blessed Badshah teaser', 'Blessed Badshah new song', 'badshah new song 2025', ""I feel like I'm blessed"", 'haan haan ha haan haan', 'badshah ke gane', 'blessed by badshah', 'badshah blessed song', 'Badshah Blessed video', 'Blessed music video', 'Blessed song video', 'badshah music video']",PT3M1S,hd,true,731673,59776,0,0,6958
P6PuopuUazI,RIOT FF VS DADDYCALLING ü§©ü§Ø,"JAI HIND DOSTO üáÆüá≥üö©
Like!! Share !! Subscribe!!

My social channels:
My live channel:-@daddycallinglive7
Instagram:-https://www.instagram.com/daddycalling_ff
Voice chat Discord:-https://discord.gg/daddycallingff




#daddycalling #freefire #riot #riotff #freefireshorts #freefirelive",2025-03-20T03:30:12Z,UCOUK7HsZq9i2tUSGZNYobWg,DADDY CALLING,20,[],PT12M18S,hd,false,562195,59696,0,0,3706
J5s8zSCZAjI,"‡§ó‡§æ‡§°‡•Ä ‡§ö‡§≤ ‡§∞‡§π‡•Ä ‡§π‡•à ‡§Ø‡§æ ‡§ï‡§õ‡•Å‡§µ‡§æ ‡§∞‡•á‡§∏ ‡§π‡•ã ‡§∞‡§π‡•Ä ‡§π‡•à - Anil Kapoor, Urmila Matondkar, Sridevi - Judaai","‚ñ∫ Click here to Subscribe the channel : https://bit.ly/3HS054l 

‡§Ø‡•á ‡§°‡•ç‡§∞‡§æ‡§á‡§µ‡§∞ ‡§ó‡§æ‡•ú‡•Ä ‡§á‡§§‡§®‡§æ ‡§∏‡•ç‡§≤‡•ã ‡§ï‡•ç‡§Ø‡•ã‡§Ç ‡§ö‡§≤‡§æ ‡§∞‡§π‡§æ ‡§π‡•à ‡§≠‡§æ‡§à -- Romantic - Anil Kapoor, Sridevi, Urmila Matondkar, Paresh Rawal - Judaai  - Roamantic Comedy Scene - Bollywood Superhit Movie Scene - Filmy Duniya

Movie : Judaai (1997).
Director: Raj Kanwar.
Cast: Anil Kapoor, Sridevi, Urmila Matondkar, Saeed Jaffrey, Paresh Rawal, Farida Jalall, Omkar Kapoor, Kader Khan, Johnny Lever, Upasana Singh, Dharmesh Tiwari, Anil Saxena, Poonam Dhillon, Dinesh Hingoo, Mehmood Jr.
Music :  Nadeem-Shravan
Genre: Romance ‡§∞‡•ã‡§Æ‡§æ‡§Ç‡§∏, Drama ‡§°‡•ç‡§∞‡§æ‡§Æ‡§æ, Comedy ‡§ï‡•â‡§Æ‡•á‡§°‡•Ä
Language: Hindi


Kaajal marries Ravi an engineer thinking he is wealthy and earns lot under the table.But finds that Ravi is a simple and honest guy.Kaajal then creates a world of her own luxuries like how rich people live and lusts behind money.Jhanvi niece of Ravi's boss arrives from abroad and falls deeply in love with Ravi knowing that he is married with two kids.When Jhanvi's attempts fail to attract Ravi she lures Kaajal with money that she will give her a Crore if she allows her husband to marry her.After the marriage Kaajal lust becomes more and forgets her family while Jhanvi takes care of the family.

‚ñ∫ ‡§Ü‡§®‡•á ‡§µ‡§æ‡§≤‡•á ‡§è‡§™‡§ø‡§∏‡•ã‡§°‡•ç‡§∏ ‡§ï‡•Ä ‡§ú‡§æ‡§®‡§ï‡§æ‡§∞‡•Ä ‡§ï‡•á ‡§≤‡§ø‡§è ‡§π‡§Æ‡•á‡§Ç ‡§∏‡§¨‡•ç‡§∏‡§ï‡•ç‡§∞‡§æ‡§á‡§¨ ‡§ï‡§∞‡•á‡§Ç: http://bit.ly/SubscribeFilmyDuniya

‡§ê‡§∏‡•á ‡§π‡•Ä ‡§Æ‡§ú‡•á‡§¶‡§æ‡§∞ ‡§î‡§∞ ‡§è‡§ï‡•ç‡§∂‡§® ‡§∏‡•Ä‡§® ‡§¶‡•á‡§ñ‡§ï‡§∞ ‡§Ü‡§™‡§ï‡§æ ‡§¶‡§ø‡§® ‡§¨‡§® ‡§ú‡§æ‡§è‡§ó‡§æ‡•§ ‡§®‡§ø‡§ö‡•á ‡§¶‡§ø‡§è ‡§ó‡§è ‡§≤‡§ø‡§Ç‡§ï ‡§™‡•á ‡§ï‡•ç‡§≤‡§ø‡§ï ‡§ï‡§∞‡•á‡§Ç ‡§î‡§∞ ‡§¶‡•á‡§ñ‡•á‡§Çüëá
1. Salman Khan Best Scene : https://bit.ly/471GPLy
2. Amitabh Bachchan Best Scene : https://bit.ly/3v2ec3J
3. Sunny Deol Best Scene : https://bit.ly/3Rt4vCW
4. Dilip Kumar Best Scene: https://bit.ly/3TqCezs
5. Sanjay Dutt Best Scene : https://bit.ly/41ntkF2

#anilkapoor #sridevi #kaderkhan #urmilamatondkar #pareshrawal #comedy #drama #romance #comedymovie ##latestmovies #bollywoodmovies #comedyfilm",2025-03-21T08:00:29Z,UCw6qK47Hh_Mhy1ubt4DeASw,Filmy Duniya,24,"['anil kapoor', 'sridevi', 'urmila matondkar', 'kader khan', 'comedy scene', 'judaai movie', 'judaai movie scenes sridevi', 'comedy movie', 'paresh rawal comedy', 'hindi movie scenes', 'paresh rawal', 'judaai judaai', 'judaai picture', 'judai', 'judai film', 'judaai song', 'Pyaar Pyaar Karte Karte', 'Shaadi Karke Pas Gaya', 'bollywood movies', 'full hindi movie', 'best hindi movies', 'anil kapoor sridevi movie', '‡§ú‡§¨‡§∞‡§¶‡§∏‡•ç‡§§ ‡§∏‡•Ä‡§® ‡§´‡•á‡§∏‡§¨‡•Å‡§ï ‡§™‡§∞ ‡§™‡§π‡§≤‡•Ä ‡§¨‡§æ‡§∞‡•§‡§∏‡•Ä‡§®', 'emotional', '‡§ó‡§æ‡§°‡•Ä ‡§ö‡§≤ ‡§∞‡§π‡•Ä ‡§π‡•à ‡§Ø‡§æ ‡§ï‡§õ‡•Å‡§µ‡§æ ‡§∞‡•á‡§∏ ‡§π‡•ã ‡§∞‡§π‡•Ä ‡§π‡•à', '‡•õ‡§¨‡§∞‡§¶‡§∏‡•ç‡§§ ‡§∏‡•Ä‡§®', 'latest', 'hit']",PT22M10S,hd,false,104661,487,0,0,6
hlvp4bQR6v0,Panivizhum Malar Vanam | 21th & 22nd March 2025 - Promo,‡Æ™‡Æ©‡Æø ‡Æµ‡Æø‡Æ¥‡ØÅ‡ÆÆ‡Øç ‡ÆÆ‡Æ≤‡Æ∞‡Øç‡Æµ‡Æ©‡ÆÆ‡Øç - ‡Æ§‡Æø‡Æô‡Øç‡Æï‡Æ≥‡Øç - ‡Æö‡Æ©‡Æø ‡ÆÆ‡Æ§‡Æø‡ÆØ‡ÆÆ‡Øç 1 ‡ÆÆ‡Æ£‡Æø‡Æï‡Øç‡Æï‡ØÅ ‡Æ®‡ÆÆ‡Øç‡ÆÆ ‡Æµ‡Æø‡Æú‡ÆØ‡Øç ‡Æü‡Æø‡Æµ‡Æø ‡Æ≤.. #PanivizhumMalarVanam #VijayTV #VijayTelevision,2025-03-21T07:11:18Z,UCvrhwpnp2DHYQ1CbXby9ypQ,Vijay Television,24,"['PanivizhumMalarVanam', 'New Fiction', 'New Serial', 'Fiction', '‡Æ§‡ÆÆ‡Æø‡Æ¥‡Øç', '‡Æµ‡Æø‡Æú‡ÆØ‡Øç', '‡Æü‡Æø‡Æµ‡Æø', '‡Æ§‡Øä‡Æ≤‡Øà‡Æï‡Øç‡Æï‡Ææ‡Æü‡Øç‡Æö‡Æø', 'Vijay', 'Star', 'Vijay TV', 'Star Vijay', 'Star Vijay TV', '‡Æ§‡Øä‡Æ≤‡Øà‡Æï‡Ææ‡Æü‡Øç‡Æö‡Æø', 'Tamil TV', 'Tamil Shows']",PT54S,hd,false,1073697,17252,0,0,130
u6XdpGpKIqw,Ethirneechal Thodargiradhu - Promo | 22 Mar 2025 | Tamil Serial | Sun TV,"Watch the Latest Promo of popular Tamil Serial #EthirneechalThodargiradhu that airs on Sun TV.

Watch all Sun TV serials immediately after the TV telecast on Sun NXT app. *Free for Indian Users only

Download here:
Android - http://bit.ly/SunNxtAdroid
iOS: India - http://bit.ly/sunNXT
Watch on the web - https://www.sunnxt.com/

The Ethirneechal family continues where it left off. Janani & her co-sisters are breaking down barriers to carve out their space in an exciting & empowering journey as they strive to earn their family's understanding and protect relationships.

#EthirneechalThodargiradhuPromo #EthirneechalThodargiradhuSerial #EthirneechalThodargiradhu #SunTVSerial #SunTV

Don't forget to SUBSCRIBE to the Sun TV YouTube üëâ http://bit.ly/suntvsubscribe

---------------------------------------------------------
Watch more:
Movie Clips on SUN NXT - https://bit.ly/3gc1dPI
Shows from Sun Music - http://bit.ly/2YS5eBi
Comedy Shows from AdithyaTV - http://bit.ly/2K6VaiZ
News from Sun News - http://bit.ly/2Yyvgsi
---------------------------------------------------------
SUN NXT: Watch the latest movies in DOLBY DIGITAL PLUS, 4000+ Movies in HD, 30+ Live TV Channels, TV Shows, TV Serials & Digital Exclusives on SUN NXT anywhere anytime.
---------------------------------------------------------
Follow us on Social Media for Latest Updates:
Facebook: https://www.facebook.com/SunTV
Twitter: https://twitter.com/SunTV
Instagram: https://www.instagram.com/suntv
---------------------------------------------------------
#SuntvSerial #TamilSerialPreview #SunTVshows #NewTamilSerials #SunTV #SunTVserials #SunTVProgram #SunNXT #LatestTamilSerials #SuntvSerialEpisodes #SunTVPreview #TamilTVserials #TamilSerialEpisodes
---------------------------------------------------------",2025-03-21T16:30:16Z,UCBnxEdpoZwstJqC1yZpOjRA,Sun TV,24,"['Ethirneechal Thodargiradhu', 'Ethirneechal Thodargiradhu serial', 'Ethirneechal Thodargiradhu Promo', 'Ethirneechal Thodargiradhu serial Promo', 'Ethirneechal Thodargiradhu today', 'Ethirneechal Thodargiradhu sun tv serial', 'Sun TV Serial', 'Sun TV Serials', 'sun tv tamil serial', 'SunTV Serial Today', 'sun tv serial today', 'Sun tv full episodes', 'Sun tv tamil full episodes', 'Sun tv tamil shows', 'sun tv shows', 'Tamil Serials', 'tamil serials sun tv', 'Tamil Serial episodes']",PT36S,hd,false,664293,9519,0,0,366
vvqxjDT4Q5w,‡¥§‡µÜ‡¥ô‡µç‡¥ô‡¥ø‡µª ‡¥ö‡µÅ‡¥µ‡¥ü‡µç‡¥ü‡¥ø‡¥≤‡µÜ ‡¥Æ‡µä‡¥ö‡µç‡¥ö‡¥ø‡¥ô‡µç‡¥ô ‡¥é‡¥µ‡¥ø‡¥ü‡µÜ ‡¥ï‡¥£‡µç‡¥ü‡¥æ‡¥≤‡µÅ‡¥Ç ‡¥µ‡¥ø‡¥ü‡¥∞‡µÅ‡¥§‡µç ‡¥é‡¥§‡µç‡¥∞ ‡¥ï‡¥¥‡¥ø‡¥ö‡µç‡¥ö‡¥æ‡¥≤‡µÅ‡¥Ç ‡¥™‡µÅ‡¥§‡¥ø ‡¥§‡µÄ‡¥∞‡µÇ‡¥≤ ‡¥®‡µã‡¥Æ‡µç‡¥™‡¥ø‡¥®‡µç  ‡¥é‡¥®‡µç‡¥§‡µÜ‡¥≥‡µÅ‡¥™‡µç‡¥™‡¥Ç,,2025-03-20T13:57:19Z,UCMBfNlOh2wFi4NM6GdS-Iwg,Malappuram rithu ,22,[],PT21M59S,hd,false,169125,1275,0,0,156
I2JyF1kPE_o,Ponni | 21th & 22nd March 2025 - Promo,‡Æ™‡Øä‡Æ©‡Øç‡Æ©‡Æø - ‡Æ§‡Æø‡Æô‡Øç‡Æï‡Æ≥‡Øç ‡ÆÆ‡ØÅ‡Æ§‡Æ≤‡Øç ‡Æö‡Æ©‡Æø ‡Æµ‡Æ∞‡Øà ‡ÆÆ‡Æ§‡Æø‡ÆØ‡ÆÆ‡Øç 2.30 ‡ÆÆ‡Æ£‡Æø‡Æï‡Øç‡Æï‡ØÅ ‡Æ®‡ÆÆ‡Øç‡ÆÆ ‡Æµ‡Æø‡Æú‡ÆØ‡Øç ‡Æü‡Æø‡Æµ‡Æø ‡Æ≤.. #Ponni #VijayTelevision Click here https://www.hotstar.com/in/tv/ponni/1260136055 to watch the show on Disney+ Hotstar..,2025-03-21T07:03:07Z,UCvrhwpnp2DHYQ1CbXby9ypQ,Vijay Television,24,"['Ponni', 'New Fiction', 'New Serial', 'Fiction', '‡Æ§‡ÆÆ‡Æø‡Æ¥‡Øç', '‡Æµ‡Æø‡Æú‡ÆØ‡Øç', '‡Æü‡Æø‡Æµ‡Æø', '‡Æ§‡Øä‡Æ≤‡Øà‡Æï‡Øç‡Æï‡Ææ‡Æü‡Øç‡Æö‡Æø', 'Vijay', 'Star', 'Vijay TV', 'Star Vijay', 'Star Vijay TV', '‡Æ§‡Øä‡Æ≤‡Øà‡Æï‡Ææ‡Æü‡Øç‡Æö‡Æø', 'Tamil TV', 'Tamil Shows']",PT35S,hd,false,1071439,13390,0,0,76
PcRENoF5JgY,India 3-0 Maldives | FIFA International Friendly | Highlights,"India displayed appreciable dominance at the Jawaharlal Nehru Stadium in Shillong on Wednesday, March 19, 2025, defeating Maldives 3-0 in the FIFA International Friendly.

Find us on - 

Website: https://www.the-aiff.com
Instagram: https://www.instagram.com/indianfootball
Facebook: https://www.facebook.com/TheIndianFootballTeam
Twitter: https://twitter.com/IndianFootball",2025-03-19T20:20:17Z,UCjiPxzIyNtfQ2HZZ1eVjZlg,Indian Football,17,"['indian football', 'aiff', 'all india football federation', 'indian football team']",PT2M48S,hd,false,682476,23833,0,0,1052
