video_id,video_title,description,published_at,channel_id,channel_title,localized_title,localized_description,category_id,tags,duration,definition,caption,view_count,like_count,comment_count,favorite_count,topic_categories,category_title
AGcGEeoxahI,Thar 4x4 Jeep Driving Games: Indian Bikes Driving Game 3D - Android Gameplay,Thar 4x4 Jeep Driving Games: Indian Bikes Driving Game 3D - Android Gameplay ▻ Game Download Link: ...,2023-01-13T04:06:51Z,UCAJUA8jHgKMWzfRBd53mWoA,DroidGameplaysTV,Thar 4x4 Jeep Driving Games: Indian Bikes Driving Game 3D - Android Gameplay,"Thar 4x4 Jeep Driving Games: Indian Bikes Driving Game 3D - Android Gameplay

► Game Download Link: https://play.google.com/store/apps/details?id=com.Rohit.IndianBikes

► SUBSCRIBE HERE:- https://goo.gl/dkAxut

Drive the most famous Bikes and the world through challenging roads that will test all your skills as a driver

Cellphone cheat codes:
yamaha vmax - 999
Yamaha FZ10 - 888
Ducati Diavel - 777
banneli tnt - 666
scorpio classic -333
scorpio s11 - 444
Plane - 555
Fortuner - 1000
Rolls Royce - 2000
Tron Bike - 6000
Zx10r bike - 400
Dog - 600
Cycle - 1111
Duke 1290 - 8888
Duke 200 - 7777
Range Rover - 6666
Ghost Raider Bike - 5555
Bugatti Chiron - 4444
Bugatti v2 - 800
Koeigness - 900
Audi - 500
MoreNpc - 12345
MoreTrafficCar - 54321
Lamborghini - 3333
Lamborghini v2 - 700
Yamaha R15 - 0015
Fuel Tank - 00
Gas Tank - 0
Bag - 200
Tatto Skin - 002
Activa 4G - 0000
Kawasaki Ninja H2r - 3000
Pulsar Rs200 - 5000
Hayabhusa - 7000
Helicopter - 8000
Splendor - 9000
Thar - 9090
Royal Enfield Bullet - 9999
ATV - 2222
New KTM - 1190
Duke - 4215
KTM - 1210
Pulsar - 1211
Super jump - 1215
ultra Super jump - 1216
Infinity Health - 9129
Skyfall - 1120
Slow motion - 1112
Moon gravity - 7112


#games #game #gameplay #thar #jeep 

Please Rate, Share, and Comment too, I really want to entertain all of you, so tell me what you want!

Thank you guys for watching - DroidGameplaysTV",20,"['Thar 4x4 Jeep Driving Games', 'Indian Bikes Driving Game 3D', 'Indian Bikes Driving 3D', 'thar jeep', 'thar jeep game', 'thar', 'thar game', 'thar games', 'thar jeep games', 'bikes', 'bike', 'bike game', 'bikes game', 'bike games', 'thar 4x4 jeep', 'thar 4x4 driving', 'thar driving game', 'games', 'game', 'android gameplay', 'android games', 'gameplay android', 'driving simulator', 'simulator', 'car driving', 'droidgameplaystv', 'droid gameplay tv', 'simulator games', 'android game', 'android', '2023', 'bike driving games', 'jeep driving']",PT11M32S,hd,false,16675301,129432,523,0,"['https://en.wikipedia.org/wiki/Action-adventure_game', 'https://en.wikipedia.org/wiki/Action_game', 'https://en.wikipedia.org/wiki/Simulation_video_game', 'https://en.wikipedia.org/wiki/Video_game_culture']",Gaming
